Vertex,Label,PageRank
0,mmojadad,4.8578751164958056E-4
1,romariormr,2.075372786579683E-4
2,mhhmod,6.989748369058715E-5
3,sokveasnahang-cpu,7.010814144834171E-5
4,DavidsonGomes,7.038447435564452E-5
5,robertoborcem,9.431843490116979E-4
6,p3dr0574,7.010814144834171E-5
7,danirpa,6.989748369058715E-5
8,VoeonAI,9.434772001622278E-4
9,Goulart-SB,8.181586773680524E-5
10,shahrammahadvi,1.4122872887380433E-4
11,chagasma,6.989748369058715E-5
12,JhonesSena,6.989748369058715E-5
13,dinesh-suthar-cdp,2.50116495806151E-4
14,gilney-canaltelecom,6.989748369058715E-5
15,sussamgtads,6.989748369058715E-5
16,FelipeBernardesDev,6.989748369058715E-5
17,orfeubr,6.989748369058715E-5
18,reginaldo-machado,6.989748369058715E-5
19,hilsoney1200-dotcom,3.742398648648649E-4
20,UluanRichard,6.989748369058715E-5
21,WhiterBy1,6.989748369058715E-5
22,RoyallGuards,6.989748369058715E-5
23,Mahmoudreda66,8.178005591798696E-5
24,diegoirs23,6.989748369058715E-5
25,NRotili,2.955054461789376E-4
26,mastermailgeral,6.989748369058715E-5
27,YzKencebay,2.9319082013047534E-4
28,tectg-solution,6.989748369058715E-5
29,TiagoGouvea,3.3339332075578497E-4
30,Header9968,8.178005591798696E-5
31,Luiz-Otavio-Dorigon,1.295210025853408E-4
32,LuizEdgar,6.989748369058715E-5
33,TrolljanO,1.2931034482758624E-4
34,modopraiano,6.989748369058715E-5
35,MurilloDanielOfficial,6.989748369058715E-5
36,Darwin-IA-hub,8.617317000545645E-4
37,claudiocastelo,6.989748369058715E-5
38,kunkanon,6.989748369058715E-5
39,asfcarvalho,6.989748369058715E-5
40,studiomarcanti,6.989748369058715E-5
41,pedro-vasconcelos-dev,6.989748369058715E-5
42,braiaagency,6.090691985088535E-4
43,ti613,3.3593507300403857E-4
44,Keven-sants,6.989748369058715E-5
45,massilva,6.989748369058715E-5
46,DarkWalking,6.989748369058715E-5
47,juliancesar,6.989748369058715E-5
48,Caiohenrks,6.989748369058715E-5
49,juniorerivaldo,6.989748369058715E-5
50,thiagomishaim,6.989748369058715E-5
51,srmodid,6.989748369058715E-5
52,andersonfelipev,7.650426345492809E-4
53,FernandoBolzan,6.989748369058715E-5
54,Simplobot1,0.001340122131928799
55,Dev-Rafhael,6.989748369058715E-5
56,Guilhermesf27,6.845167486467646E-4
57,hic000,6.989748369058715E-5
58,chibancas,8.97017707362535E-5
59,eowoosh,6.989748369058715E-5
60,AdaiasMagdiel,6.989748369058715E-5
61,almirf,1.0950605778191987E-4
62,Vialc,6.989748369058715E-5
63,unwarkz,1.2824587779258366E-4
64,VitorS0uza,5.491613562540849E-4
65,nicolasbarcellos,5.590633737185461E-4
66,TetoBertolla1,6.989748369058715E-5
67,heydrick1,6.989748369058715E-5
68,JustAtrasado,6.989748369058715E-5
69,wenealves10,6.989748369058715E-5
70,danyllolobo,6.989748369058715E-5
71,queirozmat,6.989748369058715E-5
72,diegobrodr,6.989748369058715E-5
73,Buglessren,8.97017707362535E-5
74,maestropsi,6.989748369058715E-5
75,AlvaroBrasilia,6.989748369058715E-5
76,reisdiegoss,9.970739977541138E-5
77,nolramaf,7.038447435564452E-5
78,jhefersoncrescencio,6.989748369058715E-5
79,ielaineugc,9.960391425908668E-5
80,weblucianosoares-maker,2.1842963653308483E-4
81,adrianovictorn,6.989748369058715E-5
82,BrianCz-Eng,6.989748369058715E-5
83,du-medeiros,6.989748369058715E-5
84,Ben-Avrahami,0.0011382283751295572
85,Bonilhajvv,6.989748369058715E-5
86,gustauobr,6.989748369058715E-5
87,raphael0627f,6.989748369058715E-5
88,marlonvinicius,0.0011137447506035262
89,lucascampuus,7.038447435564452E-5
90,kasambr,6.989748369058715E-5
91,DanielBelorini,6.989748369058715E-5
92,cristiandigisat-hub,6.989748369058715E-5
93,GustavoCPrado,6.989748369058715E-5
94,elizeufranca,6.989748369058715E-5
95,dujobi-contato,6.989748369058715E-5
96,leonardomnds,6.989748369058715E-5
97,srvelososantos,6.989748369058715E-5
98,willDullius,6.989748369058715E-5
99,LeonardoCostaCTN,6.989748369058715E-5
100,asilvacijun,1.4911463187325258E-4
101,fafadexs1,6.989748369058715E-5
102,hlspablo,6.989748369058715E-5
103,DiegoSalvati,3.56069431500466E-4
104,plalebtag,6.989748369058715E-5
105,nadersommer,6.989748369058715E-5
106,elciogiaretta-ops,0.0011113163066493621
107,AndersonVentin,6.989748369058715E-5
108,leotramanda,6.989748369058715E-5
109,jussimirvfx,6.989748369058715E-5
110,marinaninin,6.989748369058715E-5
111,RodrigoRosalin,6.989748369058715E-5
112,FireGears,6.989748369058715E-5
113,therodmg-source,1.29724286892885E-4
114,msantosjader,7.038447435564452E-5
115,myposty,6.989748369058715E-5
116,GleisonOliveiraAds,9.479587205522612E-5
117,luiscorsog,1.4646110802728804E-4
118,noratonegocios-ship-it,2.4342030707572216E-4
119,viivaz,2.334258813748906E-4
120,AndreynBastos,6.989748369058715E-5
121,Advfboliveira,6.989748369058715E-5
122,vianahub-pt,3.6696178937558254E-4
123,C4stro,6.989748369058715E-5
124,fvieir,6.989748369058715E-5
125,GustavoMenezes33,6.989748369058715E-5
126,emanuelarcos,6.989748369058715E-5
127,RaphaAlmeida,6.989748369058715E-5
128,screamingandmore-cell,6.989748369058715E-5
129,patrick2909,3.561141750656147E-4
130,BezzerraJr,6.989748369058715E-5
131,dgonzalez211,6.989748369058715E-5
132,benjamimprofissional-web,6.989748369058715E-5
133,Eiai-Solutions,5.749068033550791E-4
134,devarsenal,6.989748369058715E-5
135,guilhermemayrinkal,6.989748369058715E-5
136,tam74k,6.989748369058715E-5
137,dsnjunior,6.989748369058715E-5
138,pelinche,6.989748369058715E-5
139,thomasjeferssonvaz,6.989748369058715E-5
140,cleberrafael,6.989748369058715E-5
141,Samukaspc,6.989748369058715E-5
142,bclickdigital,6.989748369058715E-5
143,pedrocagb,6.989748369058715E-5
144,ianmsfvenom,6.989748369058715E-5
145,OussamaToumirt,6.989748369058715E-5
146,matbn,1.2931034482758624E-4
147,leorchrds,6.989748369058715E-5
148,LeonardoT07,6.989748369058715E-5
149,vmssistemas,0.0018307239353638856
150,rcarnavalli,6.989748369058715E-5
151,NathanMotoki,6.989748369058715E-5
152,XmasterFaeu,6.989748369058715E-5
153,matheuspoppl,6.989748369058715E-5
154,josesapereira,6.989748369058715E-5
155,RenildoChavezFlujolink,6.989748369058715E-5
156,AlwaysPalaye,6.989748369058715E-5
157,luizbp,6.989748369058715E-5
158,MatheusMorais34,6.989748369058715E-5
159,Dheyvidj,6.989748369058715E-5
160,juniorxf,6.989748369058715E-5
161,marcostaira,6.989748369058715E-5
162,aibotforproject,6.989748369058715E-5
163,flavio-r,6.989748369058715E-5
164,josealissonbr,6.989748369058715E-5
165,SuKuShaing,6.989748369058715E-5
166,VictoOliv,6.989748369058715E-5
167,CZERNOB0G,6.989748369058715E-5
168,chelof100,6.989748369058715E-5
169,oziresguisa-stack,6.989748369058715E-5
170,cassiofjardim,1.2931034482758624E-4
171,anassnammal,6.989748369058715E-5
172,Alfr3d022,4.263746505125815E-4
173,Gabrielribeiroic,6.989748369058715E-5
174,GuilhermeBotingnon,6.989748369058715E-5
175,edson-martins,6.989748369058715E-5
176,rudarecordsdemo-creator,6.989748369058715E-5
177,mendoncart,6.989748369058715E-5
178,Erlonidas,6.989748369058715E-5
179,nickxs1,2.1347856477166823E-4
180,NathanMuniz,6.989748369058715E-5
181,mateusrovedaa,6.989748369058715E-5
182,Felip3Figueredo,1.7882106244175211E-4
183,amadeujunior18,6.989748369058715E-5
184,uendelcomu,6.989748369058715E-5
185,savinnsk,6.989748369058715E-5
186,ianvirtualis-sudo,6.989748369058715E-5
187,hehuanju,6.986712331047924E-4
188,kawhedorgy,6.989748369058715E-5
189,DumahBrazorf,6.989748369058715E-5
190,Davi-AMF,1.4911463187325258E-4
191,ARMCardoso,2.4937383504193854E-4
192,marcelongf,6.989748369058715E-5
193,rdelphino,6.989748369058715E-5
194,asuma312,6.989748369058715E-5
195,dkydivyansh,6.989748369058715E-5
196,oademarlima,6.989748369058715E-5
197,acacioegas,6.989748369058715E-5
198,DiegoCostantino,6.989748369058715E-5
199,thiagocalixtoo,6.989748369058715E-5
200,rodrigobeber,2.0969676645662635E-4
201,futurahaus,8.475069897483691E-5
202,EsauAlencar1,6.989748369058715E-5
203,adhubmarketing,6.989748369058715E-5
204,raffarossi,6.989748369058715E-5
205,magnum1985,3.2347292752269634E-4
206,Jeffmartt,6.989748369058715E-5
207,italotkh,6.989748369058715E-5
208,lucasthompsonamg,6.989748369058715E-5
209,valessiobrito,6.989748369058715E-5
210,Lucasbrunoferreira,1.8104243863742783E-4
211,vitorbrrs,1.2931034482758624E-4
212,adrianokelvio,6.989748369058715E-5
213,vaxjc,6.989748369058715E-5
214,spotmkt,0.0013063578439850717
215,Indaiahub,6.989748369058715E-5
216,Issami96,6.989748369058715E-5
217,vgdss,6.989748369058715E-5
218,Bru-noSouza,6.989748369058715E-5
219,wlustosaadv,6.989748369058715E-5
220,willoak,6.989748369058715E-5
221,carlosadmjr,6.989748369058715E-5
222,wolffeduardo,6.989748369058715E-5
223,Tecnicasoft,6.989748369058715E-5
224,joaops2305,6.989748369058715E-5
225,lucassan94,6.989748369058715E-5
226,py-danilopontes,6.989748369058715E-5
227,andreteodoroalves,6.989748369058715E-5
228,Edder097,6.989748369058715E-5
229,gabrielcald,6.989748369058715E-5
230,marinadilda,1.5204645950383215E-4
231,yuri12344,2.899375616938059E-4
232,daisito,7.421925364562573E-4
233,ldelvalleh,6.989748369058715E-5
234,sectorres,6.989748369058715E-5
235,OctavioB17,6.989748369058715E-5
236,jcbsantos2015-code,6.989748369058715E-5
237,MagaliL,6.989748369058715E-5
238,Adilmar,6.989748369058715E-5
239,danfelbm,6.989748369058715E-5
240,luisitochavarria-bit,6.989748369058715E-5
241,shsolutions,6.989748369058715E-5
242,MRegit,6.989748369058715E-5
243,WalissonPires,6.989748369058715E-5
244,fabriciomoreirao,5.631091523323266E-4
245,NascimentoRobsonSantos,6.989748369058715E-5
246,JeromeNelsonC,6.989748369058715E-5
247,MattCarneiro,2.824831585833241E-4
248,anirudhbagri,0.0017897933862647986
249,DjotaHasse,6.989748369058715E-5
250,diegobentes,6.989748369058715E-5
251,srvictorbatista,7.113525163094129E-5
252,B3rr2304,6.989748369058715E-5
253,BodeDimitri,6.989748369058715E-5
254,MuriloFernandesDev,6.989748369058715E-5
255,brjorgedavid,6.989748369058715E-5
256,LuizLobao,4.4394900705050006E-4
257,RafaelCardozo02,6.989748369058715E-5
258,hiuryr,6.989748369058715E-5
259,lfelizari,6.989748369058715E-5
260,Emanuellefelix,6.989748369058715E-5
261,mhanelia,6.989748369058715E-5
262,VilasBoas23,6.989748369058715E-5
263,luispimenta,6.989748369058715E-5
264,ig0rayres,1.887232059645853E-4
265,Miliotte,6.989748369058715E-5
266,acelmec,6.989748369058715E-5
267,JMedeiros17,6.989748369058715E-5
268,vinimerida,1.2931034482758624E-4
269,andrefrancco,6.989748369058715E-5
270,beliza0014,6.989748369058715E-5
271,agenciabrvdd,1.9862534948741846E-4
272,GustavoMimim,4.1152143522833187E-4
273,danilodoc,6.989748369058715E-5
274,jicasa03,6.989748369058715E-5
275,geopreguica-a11y,6.989748369058715E-5
276,fehhmont,6.989748369058715E-5
277,rafahoff,6.989748369058715E-5
278,Bluteco,2.4813606710158436E-4
279,yMelu,6.989748369058715E-5
280,gcomartins,6.989748369058715E-5
281,sandersonrps,6.989748369058715E-5
282,brunoadspro,2.827935694315005E-4
283,oferrariai,6.989748369058715E-5
284,uzieljr,6.989748369058715E-5
285,RamonRodSou,6.989748369058715E-5
286,Thuglife22741,6.989748369058715E-5
287,GustavoNevez,1.5901677539608574E-4
288,danielkv,6.989748369058715E-5
289,jheissonn,6.989748369058715E-5
290,FilippiAraujo,6.989748369058715E-5
291,sebastianxy,4.016192917054986E-4
292,juniorcastr,6.989748369058715E-5
293,Aurelianny,6.989748369058715E-5
294,bmoweb,6.989748369058715E-5
295,Marcusluca,6.989748369058715E-5
296,rbarcelo,6.989748369058715E-5
297,MatheusLedstar,6.989748369058715E-5
298,shorvelyn,5.452003727865796E-4
299,saviosprinty,6.989748369058715E-5
300,lostmga,6.989748369058715E-5
301,HameXAcademy,6.989748369058715E-5
302,lobx13,6.989748369058715E-5
303,Alemar10,6.989748369058715E-5
304,fcperez96,6.989748369058715E-5
305,juliocamargo10,6.989748369058715E-5
306,luiz10leite-glitch,8.501372466216217E-5
307,Riders004,6.989748369058715E-5
308,fernandosegrr,2.9764678471575027E-4
309,mjhidalgo,6.989748369058715E-5
310,Gatelli1993,6.989748369058715E-5
311,caesar621,6.989748369058715E-5
312,CristianPG-FME,1.367369524697111E-4
313,grupale,6.989748369058715E-5
314,rmogro,6.989748369058715E-5
315,amacfe-ui,4.422705322137258E-4
316,GusMartins499,6.989748369058715E-5
317,gkp1,0.001323294309113294
318,allan-outside,6.989748369058715E-5
319,segeletron,6.989748369058715E-5
320,BootecoBOot,0.002038749705726741
321,ONinguem,6.989748369058715E-5
322,kenneson,6.989748369058715E-5
323,rodrigodsluz,6.989748369058715E-5
324,lucaspmaiadev-gif,6.989748369058715E-5
325,adrianobraz,6.989748369058715E-5
326,Allvasc,6.989748369058715E-5
327,lcmouras,6.989748369058715E-5
328,MANINtecn,6.989748369058715E-5
329,victor-hdgomes,6.989748369058715E-5
330,goldfypro-debug,6.989748369058715E-5
331,viniciusguardaa-cpu,6.989748369058715E-5
332,Jotamtcoisa,6.989748369058715E-5
333,renatom3ndes,6.989748369058715E-5
334,placidodaniel,6.989748369058715E-5
335,marciobele,6.989748369058715E-5
336,pinheirorangel89-art,6.989748369058715E-5
337,masterkachu,6.989748369058715E-5
338,conectoutsourcing,6.989748369058715E-5
339,felipepiton,2.547374961168065E-4
340,romariouba,8.97017707362535E-5
341,victor-azevedo,6.989748369058715E-5
342,lucasevss,6.989748369058715E-5
343,aguga491,6.989748369058715E-5
344,julioantunes-ti,1.2931034482758624E-4
345,tiosam21,6.989748369058715E-5
346,danielmatiello,6.989748369058715E-5
347,ArildoMello,6.989748369058715E-5
348,karlosgaldino,6.989748369058715E-5
349,quatroventos,6.989748369058715E-5
350,previdprocessos-hashch,2.4813606710158436E-4
351,emretaskiran1,6.989748369058715E-5
352,mkfyasar,6.989748369058715E-5
353,Joao-Guthembergue,6.989748369058715E-5
354,Matheus-develope,0.001169067099126526
355,imaginelabpy-code,2.327877446411929E-4
356,pauloanalista,6.989748369058715E-5
357,LuisGuilhermeRampaso,6.989748369058715E-5
358,machoalfastore01-ai,6.989748369058715E-5
359,andreysuprano,6.989748369058715E-5
360,FinPartner,6.989748369058715E-5
361,souwilliamdiassilva,6.989748369058715E-5
362,thiago-audithorium,6.989748369058715E-5
363,andersonlkll,6.989748369058715E-5
364,gabrielfelipeslv,6.989748369058715E-5
365,MarcoLopezf,6.989748369058715E-5
366,gustavo-lg,6.989748369058715E-5
367,g-solis,6.989748369058715E-5
368,cleprog-co,6.989748369058715E-5
369,allefrodrigo,6.989748369058715E-5
370,Feeh03114,3.079665570289874E-4
371,marcoantoniofassa,6.989748369058715E-5
372,flashanalytics-felipeaguiar,5.602842226971894E-4
373,PhyBruno,1.7610038349917377E-4
374,thiagoaaragao,6.989748369058715E-5
375,Fhelyp,6.989748369058715E-5
376,DeNiNhOoO,6.989748369058715E-5
377,thiagobrst,6.989748369058715E-5
378,vitorgomespro,6.989748369058715E-5
379,lucasgsalmeida,6.989748369058715E-5
380,gustavosouzalima,6.989748369058715E-5
381,lucasmassarosimoes,6.989748369058715E-5
382,lucaskreich,6.989748369058715E-5
383,renatogava,6.989748369058715E-5
384,alexsandroluz,6.989748369058715E-5
385,BeOnTech01,6.989748369058715E-5
386,medinavs,6.989748369058715E-5
387,brunomond,6.989748369058715E-5
388,rdmalves87,9.983454888544669E-5
389,nachotdl,2.6537817451071765E-4
390,antoniogsouzaag,6.989748369058715E-5
391,imapproved,6.989748369058715E-5
392,vitorhfcastro,6.989748369058715E-5
393,maikelagm,6.989748369058715E-5
394,massimorm,9.960391425908668E-5
395,arthurbrenno,6.989748369058715E-5
396,B3t4C0d3,9.983454888544669E-5
397,pbm94,6.989748369058715E-5
398,celestinofjanuario-ctrl,9.960391425908668E-5
399,kunumigab,6.989748369058715E-5
400,hereck,7.900536619230108E-4
401,sutidor,6.989748369058715E-5
402,Victorcassiano,9.960391425908668E-5
403,abdelrhmanfawzym,2.485500091668831E-4
404,Cranbaerry,7.038447435564452E-5
405,GTMoraes,6.989748369058715E-5
406,lucasguzo,6.989748369058715E-5
407,zurielamorim,6.989748369058715E-5
408,r0usis,6.989748369058715E-5
409,mikekiroz,1.9450358224603917E-4
410,fluintech,6.989748369058715E-5
411,jonathanpog98,6.989748369058715E-5
412,RelaxSolucoes,7.668846109040073E-4
413,estebanlis,6.989748369058715E-5
414,mahdihaghnegar,6.989748369058715E-5
415,willph,6.989748369058715E-5
416,isaqueipromotora,6.989748369058715E-5
417,Brandevtech,6.989748369058715E-5
418,flavioxx,6.989748369058715E-5
419,menezesvitoria1502-art,6.989748369058715E-5
420,mpacheco92,7.732409133271203E-5
421,Jadsonps-dev,6.989748369058715E-5
422,carvalho7976,6.989748369058715E-5
423,redequeroimoveis,6.989748369058715E-5
424,jasplink-spec,6.989748369058715E-5
425,ewanly,6.989748369058715E-5
426,sidneyfmeco,1.2931034482758624E-4
427,FCanedo90,6.989748369058715E-5
428,guia-livre,3.32799394221808E-4
429,viniciusferreira-sys,6.989748369058715E-5
430,hernandesbylara,6.989748369058715E-5
431,miguelbispo,6.989748369058715E-5
432,Vinn4k,6.989748369058715E-5
433,tvieirabruna,6.989748369058715E-5
434,DanielSilvaol,0.0010695954036934322
435,forwardbridgefw-stack,6.989748369058715E-5
436,metrifiquese-spec,6.989748369058715E-5
437,luizcw,6.989748369058715E-5
438,BryanLucas7,6.989748369058715E-5
439,cadukiz,6.989748369058715E-5
440,ejferrazzongit,6.989748369058715E-5
441,JefersonRamos,8.523768963989429E-5
442,dlc-letelier,6.989748369058715E-5
443,leonardolessa,6.989748369058715E-5
444,Pedreiros22,2.844439266853061E-4
445,hugoinsider,6.989748369058715E-5
446,santosgalahack,6.989748369058715E-5
447,davidreis90-spec,6.989748369058715E-5
448,adolfosp,1.2931034482758624E-4
449,JuniorBods,6.989748369058715E-5
450,RaFaeL-Cunha,7.038447435564452E-5
451,abioluz,5.156993357962383E-4
452,AlejoTorres2001,3.6696178937558254E-4
453,renansko-vilela,1.8893386372233987E-4
454,fredericoalvesmoreira2025,6.989748369058715E-5
455,JeandersonR2,2.137694093370197E-4
456,michaelvips,1.8942085438739724E-4
457,tobiasbenkner,6.989748369058715E-5
458,netoduwe,6.989748369058715E-5
459,pedrosantosredefacil,6.989748369058715E-5
460,Droid0123,6.989748369058715E-5
461,sluy,6.711741498290402E-4
462,cleytoncoro,3.1005713391179005E-4
463,joaovcoliveira,2.448462422463447E-4
464,KokeroO,8.523768963989429E-5
465,RamonSouza96,6.989748369058715E-5
466,daniel-eder,6.989748369058715E-5
467,juniortopanotti,7.038447435564452E-5
468,pedroarthuralvesdeoliveira,6.989748369058715E-5
469,brunosantanarj,6.989748369058715E-5
470,robsonrosa,6.989748369058715E-5
471,DoShaston,6.989748369058715E-5
472,jjmmbb,8.97017707362535E-5
473,Vixti,7.732409133271203E-5
474,gptesv,2.4813606710158436E-4
475,lcssurf,6.989748369058715E-5
476,flavianoredressa,6.989748369058715E-5
477,gu1Vaz,1.367369524697111E-4
478,brunoblbla,6.989748369058715E-5
479,Regis-BR,6.989748369058715E-5
480,joaocps,6.989748369058715E-5
481,gbpufscar,6.989748369058715E-5
482,DaniloGouvea,6.989748369058715E-5
483,zaryabmustafa,6.989748369058715E-5
484,luisadidomenico,6.989748369058715E-5
485,maikramer,6.989748369058715E-5
486,phroriz,3.745637474759242E-4
487,beeowned,6.989748369058715E-5
488,dhyegocalota,6.989748369058715E-5
489,danielvieirabrwo,7.113525163094129E-5
490,ppimentelrj,6.989748369058715E-5
491,RenanRodriguesTI,6.989748369058715E-5
492,asanches-dot,6.989748369058715E-5
493,edubortolotti,6.989748369058715E-5
494,jholhewres,7.732409133271203E-5
495,carola-m,2.778424976700839E-4
496,FelipeVeiga,6.989748369058715E-5
497,bgoncalves98,6.989748369058715E-5
498,mariano-aferrari,6.989748369058715E-5
499,andifilhohub,9.925404639588398E-4
500,thiagotoffanetto,6.989748369058715E-5
501,ftruppel,6.989748369058715E-5
502,matewz,6.989748369058715E-5
503,jdinix,6.989748369058715E-5
504,JMultimidia,6.989748369058715E-5
505,rodolphoAle,6.989748369058715E-5
506,erigobeli,6.989748369058715E-5
507,michumichifu,6.989748369058715E-5
508,CuriousGu,6.989748369058715E-5
509,abdulsamadola,6.989748369058715E-5
510,rhuan-angio,6.989748369058715E-5
511,AntonioWeb-dev,3.637533570459698E-4
512,Lmagalhaesz,6.989748369058715E-5
513,guilhermegobbo,6.989748369058715E-5
514,masimpacto,6.989748369058715E-5
515,wagnerraugustp,6.989748369058715E-5
516,codemaoz90,6.989748369058715E-5
517,JhonTechBr,6.989748369058715E-5
518,utadluis,6.989748369058715E-5
519,rarisenpai,6.989748369058715E-5
520,hasiburbondstein-dotcom,1.2931034482758624E-4
521,CosminIordache,6.989748369058715E-5
522,moabmoraes,6.989748369058715E-5
523,avaleadoficial,7.581210639430893E-4
524,fabriciofeijo,1.4011995210477294E-4
525,nachokhan,6.989748369058715E-5
526,andreylima,6.989748369058715E-5
527,WesleyjanLacerda,4.263746505125815E-4
528,Edupazzi,6.989748369058715E-5
529,Julio-Braz,6.989748369058715E-5
530,truutruu667-cloud,6.989748369058715E-5
531,dani-pinheiro01,6.989748369058715E-5
532,viictorcamposs,6.989748369058715E-5
533,WevertonRufoTavares,6.989748369058715E-5
534,leoslg,1.8913714802988406E-4
535,davidmnzs,7.038447435564452E-5
536,gabrielroger2020,6.989748369058715E-5
537,Danilim04,6.989748369058715E-5
538,mv8digital,6.989748369058715E-5
539,MUKINH4,6.989748369058715E-5
540,pontedigital1,6.989748369058715E-5
541,gabrielrouss,6.989748369058715E-5
542,astoraoliveira-alt,1.3591177384280836E-4
543,midcompany,6.989748369058715E-5
544,mizaelks,1.1148648648648651E-4
545,LucianTavares,6.989748369058715E-5
546,rodrigorochanl,6.989748369058715E-5
547,jsonmc96,6.989748369058715E-5
548,felipematos,7.010814144834171E-5
549,DAVIAMERICO242,9.525465332159917E-4
550,Lucasendlichgomes,1.2600963031997518E-4
551,TilsonM17,6.989748369058715E-5
552,icarojobs,1.656182044113079E-4
553,AlexandreProenca,6.989748369058715E-5
554,MohaDevPro,6.989748369058715E-5
555,Legionariocf,7.649891270580927E-5
556,rapososoftwares,6.989748369058715E-5
557,salomonamiga,6.989748369058715E-5
558,TML-CODES,7.010814144834171E-5
559,marquinhos2701,1.9532463497980742E-4
560,nrokiredef,6.989748369058715E-5
561,RaphaelBerbel,6.989748369058715E-5
562,linefds,9.630319975147562E-5
563,backupsGit,1.887232059645853E-4
564,gcdesigner,6.989748369058715E-5
565,lfvperes,6.989748369058715E-5
566,raguife,2.9124325547430485E-4
567,jesustejerina,6.989748369058715E-5
568,brennersc,4.016192917054986E-4
569,marciodiasdeveloper,6.989748369058715E-5
570,gustavodona,6.989748369058715E-5
571,afrociberdelio,6.989748369058715E-5
572,rillerqueiroz,6.989748369058715E-5
573,Bubex,6.989748369058715E-5
574,RodolfoBonis,6.989748369058715E-5
575,willzins,2.3183039433730574E-4
576,nandobfer,1.2979733549264359E-4
577,Tom225533,6.989748369058715E-5
578,ktfth,1.392124883504194E-4
579,caionorder,6.989748369058715E-5
580,CarlosEReis,6.989748369058715E-5
581,lotto645sandeepkumar-sys,6.989748369058715E-5
582,vinicius-acruz,1.4646110802728804E-4
583,darwingtx,6.989748369058715E-5
584,educardoso,1.887232059645853E-4
585,JoaoAFSousa,6.989748369058715E-5
586,rosbergrodrigues,6.989748369058715E-5
587,gabrielhhaber,6.630115689901716E-4
588,MikeSoft,6.989748369058715E-5
589,pedroSoaresll,6.989748369058715E-5
590,floresdemoksha,6.989748369058715E-5
591,Pohl2025,6.989748369058715E-5
592,MONTAR0N,6.989748369058715E-5
593,gabrielmarketingfrt-hash,6.989748369058715E-5
594,kleberit,6.989748369058715E-5
595,oMaiaa,1.9532463497980742E-4
596,davijr,6.989748369058715E-5
597,shNerotic,6.989748369058715E-5
598,orlandombaa,6.989748369058715E-5
599,lucianokatze,1.9868344679738388E-4
600,EmadBiteon,6.989748369058715E-5
601,Vitordotpy,0.0012456884383375316
602,NabilSgar,6.989748369058715E-5
603,sostenesapollo,6.989748369058715E-5
604,mike66888866-beep,2.330681622776599E-4
605,dpaes,6.989748369058715E-5
606,wleopach,7.010814144834171E-5
607,im1hamada,9.960391425908668E-5
608,santonymous,7.010814144834171E-5
609,andres99x,7.038447435564452E-5
610,vitusan,6.989748369058715E-5
611,HectorMouraM,6.989748369058715E-5
612,top-master,8.97017707362535E-5
613,limadrops06-ui,2.1842963653308483E-4
614,delattre1,6.989748369058715E-5
615,voacatofe,6.989748369058715E-5
616,igorafDEV,6.989748369058715E-5
617,Eslamahmed211,6.989748369058715E-5
618,exiliumgames,6.989748369058715E-5
619,zerosantos2207-creator,6.989748369058715E-5
620,ghost,6.989748369058715E-5
621,Albatroxi,6.989748369058715E-5
622,raphaelscaf,6.989748369058715E-5
623,VictorWollyver,6.989748369058715E-5
624,diogod2r,6.989748369058715E-5
625,adindaco,6.989748369058715E-5
626,igorcb123,6.989748369058715E-5
627,natanlopes01,6.54039211854701E-4
628,tasfw,6.989748369058715E-5
629,GustavoNovak,6.989748369058715E-5
630,brunobsolano,6.989748369058715E-5
631,MatheusCostaVaz,9.981457201684125E-5
632,tonimoreiraa,4.895573924823785E-4
633,joacir,6.989748369058715E-5
634,WanderleyGrecco,2.478440061677146E-4
635,byronkenoly,6.989748369058715E-5
636,vitoramaral10,1.949406553286774E-4
637,jardeldourado10,6.989748369058715E-5
638,leonardobitt,1.887232059645853E-4
639,caua1503,6.989748369058715E-5
640,thivalente,6.989748369058715E-5
641,crawlchange,1.2506135127496066E-4
642,firstatack,6.989748369058715E-5
643,thezykedev,1.2931034482758624E-4
644,MELUAUTOMACOES,6.989748369058715E-5
645,samuelseixassilva,6.989748369058715E-5
646,vduggen,6.989748369058715E-5
647,LuizFelipeCode,6.989748369058715E-5
648,frieck,1.2979733549264359E-4
649,rivasduran,6.989748369058715E-5
650,elmandayp,6.989748369058715E-5
651,jinfanzon,1.2931034482758624E-4
652,campodonio-bit,6.989748369058715E-5
653,dvmarthur,2.444513729428433E-4
654,Belkior,6.989748369058715E-5
655,rafaelpoa,6.989748369058715E-5
656,cardosoleandro,6.989748369058715E-5
657,GMUNDI,6.989748369058715E-5
658,PhantixRoot,1.442670456281607E-4
659,000MaDz000,6.989748369058715E-5
660,Davis-IA,2.1286814224076703E-4
661,MikhailProfile,3.36401549529835E-4
662,nidomus,4.7469420933356644E-4
663,Phristyle,4.463895953160025E-4
664,nicolaseleitorweb-star,6.989748369058715E-5
665,marcosmarf27,6.989748369058715E-5
666,dgreis,6.989748369058715E-5
667,furious,7.038447435564452E-5
668,olucastoledo,5.919880009319663E-4
669,RuanWill29,6.989748369058715E-5
670,telenovo-telecom,6.989748369058715E-5
671,matheushug0,6.989748369058715E-5
672,Tutiten,6.989748369058715E-5
673,ErickECD,6.989748369058715E-5
674,NightWolfw,6.989748369058715E-5
675,Batt0sa1,7.819042281250874E-4
676,isadoragalvaoss,6.989748369058715E-5
677,RaphaDZN,6.989748369058715E-5
678,claudiohsc,6.989748369058715E-5
679,diegocpires,6.989748369058715E-5
680,htsnet,6.989748369058715E-5
681,nicolastrabalho-rgb,6.989748369058715E-5
682,cassianomansano,6.989748369058715E-5
683,danielfsbarreto,6.989748369058715E-5
684,fatguru,7.010814144834171E-5
685,DaviResDev,2.068236110811496E-4
686,celiacarvalhopsi10-commits,6.989748369058715E-5
687,Allternatelab,6.989748369058715E-5
688,Fotonnn,9.960391425908668E-5
689,bocmx,6.989748369058715E-5
690,gomes0202,7.010814144834171E-5
691,stevapps0,6.989748369058715E-5
692,JoaoCaFeBe,6.989748369058715E-5
693,Pequem,1.407457463309455E-4
694,lksdog,1.8893386372233987E-4
695,Clistenis99,6.989748369058715E-5
696,GabrielMBoeira,6.989748369058715E-5
697,venturion,2.5126345971582E-4
698,jsoescobar,6.989748369058715E-5
699,tosipaulo,6.989748369058715E-5
700,gahius,6.989748369058715E-5
701,allanrms,6.989748369058715E-5
702,Filipe-QuickFlip,6.989748369058715E-5
703,andreswiidigital,6.989748369058715E-5
704,uelton22,6.989748369058715E-5
705,brendonalcantara97,6.989748369058715E-5
706,dennerstorres,6.989748369058715E-5
707,thiagomirandamc,6.989748369058715E-5
708,dresslerfelipe,6.989748369058715E-5
709,LucianoSilvaSantos,6.989748369058715E-5
710,aislandener,6.989748369058715E-5
711,PHDiniiz,6.989748369058715E-5
712,evieira357,6.989748369058715E-5
713,arielesp,6.989748369058715E-5
714,kbetoacero,9.700259912530329E-4
715,gabriel447,6.989748369058715E-5
716,razametal,6.989748369058715E-5
717,FrewsDev,6.989748369058715E-5
718,josemiguelq,2.711774940568789E-4
719,paranatrack,6.989748369058715E-5
720,esskyyy,6.989748369058715E-5
721,biscoitodoja-bit,7.010814144834171E-5
722,andre-tolentino,6.989748369058715E-5
723,LincolnFranca,6.989748369058715E-5
724,ofabianomartins,1.2931034482758624E-4
725,AngeloBestetti,6.989748369058715E-5
726,lluiscab,1.2931034482758624E-4
727,luiscabus,6.989748369058715E-5
728,dylanoli,1.268634186091993E-4
729,Sarkozit,2.4813606710158436E-4
730,pedrobtenorio,6.989748369058715E-5
731,ivanmirandaf,6.989748369058715E-5
732,jose-villamizar-JVL,8.496135673259148E-5
733,ArturoRivera98,1.295210025853408E-4
734,paulobautz,6.989748369058715E-5
735,heber0s,4.976700838769804E-4
736,ericklb84,6.989748369058715E-5
737,persi-ai,6.989748369058715E-5
738,crazynds,6.989748369058715E-5
739,vanchenkin,6.989748369058715E-5
740,lucafanucchi,6.989748369058715E-5
741,sako313,6.989748369058715E-5
742,naeem-afadar,6.989748369058715E-5
743,abhinavaggarwal1981,6.989748369058715E-5
744,MIGUELNINOSILVA,6.989748369058715E-5
745,douglasfranciscon,3.1745107176141664E-4
746,guilherme2711,4.708422600677144E-4
747,CaymanS0,9.433994738285346E-4
748,CGSobral,6.819348746063248E-4
749,benjaminheredia1,6.989748369058715E-5
750,ederbatera,6.989748369058715E-5
751,lokoquax,0.0017407470657943745
752,carlosqlt-007,6.989748369058715E-5
753,brunodsstudio,6.989748369058715E-5
754,andrealencar,6.989748369058715E-5
755,andrekutianski,6.989748369058715E-5
756,guhweb,6.989748369058715E-5
757,thiagoomatheus,6.989748369058715E-5
758,danielrvieira,6.639340587629613E-4
759,gabizera,6.989748369058715E-5
760,edersonmartinsv,6.989748369058715E-5
761,ricdemgtz,2.778424976700839E-4
762,Hatem-UrWave,6.989748369058715E-5
763,darc1008,6.989748369058715E-5
764,ShIvAmKaUsHaL69,6.989748369058715E-5
765,moamkh,6.989748369058715E-5
766,liuanmachado19,6.989748369058715E-5
767,yLost,6.989748369058715E-5
768,JhonnMeira,6.989748369058715E-5
769,Massa191,6.989748369058715E-5
770,miltonbastos,1.9862534948741846E-4
771,caioamaral,6.989748369058715E-5
772,meumlpontocom,6.989748369058715E-5
773,LucasGazulaICCAP,2.0656695976058404E-4
774,ddavid-almeida,1.8893386372233987E-4
775,nadoneves,6.989748369058715E-5
776,dimitrihartt,6.989748369058715E-5
777,Oivolari,1.295173158602356E-4
778,rubithedev,6.989748369058715E-5
779,nestordavalos,7.038447435564452E-5
780,protracker251437,4.641089296265874E-4
781,GabrielM0709,6.989748369058715E-5
782,vinitercariol,6.989748369058715E-5
783,Flow-Sistemas,6.989748369058715E-5
784,w-mcardoso,6.989748369058715E-5
785,agvirgula,6.989748369058715E-5
786,fredericopaulista,6.989748369058715E-5
787,jayceadler,1.887232059645853E-4
788,DCajiao,6.989748369058715E-5
789,DevGabito0709,6.989748369058715E-5
790,strvictor,6.989748369058715E-5
791,AnxHall,6.989748369058715E-5
792,Tiagoamrein,6.989748369058715E-5
793,jonra1993,6.989748369058715E-5
794,paulohenrique14,9.11777726001864E-4
795,lucasnjsilva,6.989748369058715E-5
796,Efluxoautomacao,6.989748369058715E-5
797,reno3788,6.989748369058715E-5
798,albanirneves,6.989748369058715E-5
799,M4rdine,6.989748369058715E-5
800,sonicwil,6.989748369058715E-5
801,NestorMiniDEV,6.989748369058715E-5
802,Mdmartinez97,6.989748369058715E-5
803,HELIOPOTELICKI,0.0010909460358160645
804,JulioLang,6.989748369058715E-5
805,kcifuentes,6.989748369058715E-5
806,rrodriguescs,6.989748369058715E-5
807,tomatoes-prog,6.989748369058715E-5
808,fbeas,6.989748369058715E-5
809,brasiljh,6.989748369058715E-5
810,lafi87,6.989748369058715E-5
811,lwkoon,6.989748369058715E-5
812,im-srj,6.989748369058715E-5
813,maysoncbn1-glitch,5.169792637465051E-4
814,Ebaoj,6.989748369058715E-5
815,sanches182,6.989748369058715E-5
816,marcinn001,6.989748369058715E-5
817,ricardotassone,6.989748369058715E-5
818,Yefclub,6.989748369058715E-5
819,raulsilvaitpro,6.989748369058715E-5
820,bernardes-93,6.989748369058715E-5
821,gminarello,6.989748369058715E-5
822,Jeferson-Ramos-Einov,6.989748369058715E-5
823,eduardobassan,6.989748369058715E-5
824,Emanuelvtsg,6.989748369058715E-5
825,Carloscadu8700,6.989748369058715E-5
826,accuhealth-cl,1.2931034482758624E-4
827,rodrigotvq,6.989748369058715E-5
828,augustosturm,8.935698381242591E-4
829,joweste,7.113525163094129E-5
830,abextadu,6.989748369058715E-5
831,hiker328,6.989748369058715E-5
832,edsonalanis,1.608930364687351E-4
833,andrealmei,6.989748369058715E-5
834,miguelarcjr,6.989748369058715E-5
835,cayquecastellucci,6.989748369058715E-5
836,joaoppa,6.989748369058715E-5
837,Rodrigo-SE03,6.989748369058715E-5
838,rafael-keller,1.0084168219944082E-4
839,sachinravindran,6.989748369058715E-5
840,antoniomldev,6.989748369058715E-5
841,VictorCard2022,9.960391425908668E-5
842,mauriblint,6.989748369058715E-5
843,jfobaltazar,6.989748369058715E-5
844,Panic1811,1.887232059645853E-4
845,Shadoxity,6.989748369058715E-5
846,djbautista,6.989748369058715E-5
847,tvbrgamer,6.989748369058715E-5
848,DevNeuronex,6.989748369058715E-5
849,AbdullahZaher,9.981088529173607E-5
850,caiobleggi,7.038447435564452E-5
851,ddean6232,4.451144705232453E-4
852,Gtiware,6.989748369058715E-5
853,amo-mkt,6.989748369058715E-5
854,life347,6.989748369058715E-5
855,franciscof5,6.989748369058715E-5
856,Jpcampos123,6.989748369058715E-5
857,trojantm,0.0011986237657249691
858,juniorgermano,6.989748369058715E-5
859,iamedusm,1.8380480399566706E-4
860,poupeplanfinan,6.989748369058715E-5
861,AndersonProfeta,6.989748369058715E-5
862,Matrix-Bebeto,6.989748369058715E-5
863,robsonflowers,6.989748369058715E-5
864,nathanarend,6.989748369058715E-5
865,everttoncampos,6.989748369058715E-5
866,GuianaStore,2.3844458133650574E-4
867,austriansnow,2.6794035414725074E-4
868,pedroivobraga,6.989748369058715E-5
869,esalonso,6.989748369058715E-5
870,brunoleitem,6.989748369058715E-5
871,natani3ls,6.989748369058715E-5
872,salmeidagois,6.081763264314097E-4
873,joanna-carvalho,6.989748369058715E-5
874,trendplacebr,6.989748369058715E-5
875,ViniciusDalZot,6.989748369058715E-5
876,zxtheuxz,2.2553390522548383E-4
877,willskz,6.989748369058715E-5
878,matheusaudi,6.989748369058715E-5
879,augustresende,6.989748369058715E-5
880,sanini,6.989748369058715E-5
881,kingkaibr,8.97017707362535E-5
882,021fneves,6.989748369058715E-5
883,allanbrunobr,1.2931034482758624E-4
884,crosspopz,6.989748369058715E-5
885,leonardoFrizziFetchly,2.0060577819198513E-4
886,1Jo1,6.989748369058715E-5
887,spacewaterbear,6.989748369058715E-5
888,edusachs,2.6240453359775847E-4
889,hyagonani,6.989748369058715E-5
890,francisbreit,1.887232059645853E-4
891,Jaya-Braga,6.989748369058715E-5
892,gqueirozs,6.989748369058715E-5
893,FBrandex,2.7807313229644387E-4
894,janiohr,6.989748369058715E-5
895,Lsmelo80,6.989748369058715E-5
896,sibelius,6.989748369058715E-5
897,JoePereiraa,6.989748369058715E-5
898,UnDer-7,6.989748369058715E-5
899,saggerbr,1.2931034482758624E-4
900,creditosya26-creator,6.989748369058715E-5
901,jacksonlcruz,5.214132694534718E-4
902,Claudi0-Oliveira,6.989748369058715E-5
903,jbenteu,3.9297985307706657E-4
904,iderlando,6.989748369058715E-5
905,Liviofrol,6.989748369058715E-5
906,lbfabiano7,1.2562565066884514E-4
907,rodolfocella,2.2833178005591802E-4
908,Sajidali001,6.989748369058715E-5
909,johnathanscc,6.989748369058715E-5
910,brunocastilho88,6.989748369058715E-5
911,Casmei,6.989748369058715E-5
912,viniciusbraz-dev,2.0852749301025165E-4
913,karthiknitt,6.989748369058715E-5
914,JoseAngelGlz,6.989748369058715E-5
915,primocassiano,6.989748369058715E-5
916,LeninZapata,6.989748369058715E-5
917,camarigor,7.649891270580927E-5
918,kay0ramon,1.261126413339025E-4
919,lvfproducao,6.989748369058715E-5
920,augustocss,6.989748369058715E-5
921,gomesOseias,6.989748369058715E-5
922,jotarodriguezv,2.1842963653308483E-4
923,sgrcreations,6.989748369058715E-5
924,itukconsulting,6.989748369058715E-5
925,devjn1998,5.246861880180504E-4
926,wylken,2.0873815076800624E-4
927,cassiodev,6.989748369058715E-5
928,matheuslenke,6.989748369058715E-5
929,sergiogonzalezfreelance,8.774123748658591E-5
930,imagine-pat,7.841422189916594E-4
931,delim777,6.989748369058715E-5
932,edsonwachholz,6.989748369058715E-5
933,alhaag,7.010814144834171E-5
934,pedrosantosexe,6.989748369058715E-5
935,andreynevez,6.989748369058715E-5
936,Thyanri,1.887232059645853E-4
937,atlasborn,6.989748369058715E-5
938,gibranpulga,6.989748369058715E-5
939,marioirodrigues-dev,1.7793161371499976E-4
940,VicenteBatistaVB,0.0012315255459751564
941,phLuna,6.989748369058715E-5
942,brumviews,6.989748369058715E-5
943,EduardoAndradeMachado,6.989748369058715E-5
944,mcabral2510,6.989748369058715E-5
945,melzilucas,6.989748369058715E-5
946,jeanmaule,6.989748369058715E-5
947,dev-alexandreoliveira,6.989748369058715E-5
948,JOAO322323232323,6.989748369058715E-5
949,marcelosaguiar,6.989748369058715E-5
950,odirlon,1.295210025853408E-4
951,edivaldosegundo,6.989748369058715E-5
952,MozanielPSC,6.989748369058715E-5
953,felipecontroll,6.989748369058715E-5
954,teovillanueva,2.681510119050053E-4
955,marcelomagfor,6.989748369058715E-5
956,hericogimo,6.989748369058715E-5
957,aherrh02,6.989748369058715E-5
958,stuartffh,2.341866596216875E-4
959,hosanah,6.989748369058715E-5
960,Wesley232-oa,6.989748369058715E-5
961,uwe72,1.295210025853408E-4
962,thallesbrandao,6.989748369058715E-5
963,cesarka1,6.989748369058715E-5
964,lucianomdo,6.989748369058715E-5
965,joaosouz4dev,3.992995906558405E-4
966,edfvalim,6.989748369058715E-5
967,viniciusconexi9,6.989748369058715E-5
968,gustavo-diniz,6.989748369058715E-5
969,jungabriel56,6.989748369058715E-5
970,SharkBounty,7.010814144834171E-5
971,jorgevelosodev,1.2931034482758624E-4
972,RECOHA,6.989748369058715E-5
973,BYMSA-DEX,9.981457201684125E-5
974,saulobborges,6.989748369058715E-5
975,smartscaile,8.014668862591983E-4
976,najiro8v,6.989748369058715E-5
977,thefelipefreire,6.989748369058715E-5
978,Danielwebgit,6.989748369058715E-5
979,dree4312,7.010814144834171E-5
980,decodegear,6.989748369058715E-5
981,Midasstart,6.989748369058715E-5
982,RenanBucci,6.989748369058715E-5
983,rafaelget,6.989748369058715E-5
984,0xluc,6.989748369058715E-5
985,iBandMarketing,6.989748369058715E-5
986,thallesmitchell,6.989748369058715E-5
987,edneymatias,6.989748369058715E-5
988,eTrinityE,9.981457201684125E-5
989,luizpaulomonteiro,6.989748369058715E-5
990,aabnoguera,6.989748369058715E-5
991,Leonardo-cp-ai,6.989748369058715E-5
992,atendiatec,6.989748369058715E-5
993,GabrielCannavo,6.989748369058715E-5
994,RSGestoria,6.989748369058715E-5
995,rodrigossoares322,0.0011464006283379697
996,warley-oliveira,6.989748369058715E-5
997,Meicer10,9.981457201684125E-5
998,joaobibiano,6.989748369058715E-5
999,mdaushi,6.989748369058715E-5
1000,Kaique-Grigoletto,4.938970527276087E-4
1001,juniorsereno,6.989748369058715E-5
1002,gabrieljablonski,6.989748369058715E-5
1003,lourencoerick,6.989748369058715E-5
1004,fscardua,6.989748369058715E-5
1005,MuriloAMiranda147,5.708405556216502E-4
1006,gabialvarenga,6.989748369058715E-5
1007,luanmbrito,6.989748369058715E-5
1008,victorpergher,1.295210025853408E-4
1009,pedroramosuerj,7.010814144834171E-5
1010,arthurcts,6.989748369058715E-5
1011,hustle-inc7,6.989748369058715E-5
1012,felipeandrewtwo,6.989748369058715E-5
1013,IsmaelGGomes,6.989748369058715E-5
1014,willianbsb,0.0011408032894460577
1015,matheuscampbell,6.989748369058715E-5
1016,mhisistemas,6.989748369058715E-5
1017,tiagoviniciosia,6.989748369058715E-5
1018,JorgeHRP,2.2437879158999132E-4
1019,emariot,6.989748369058715E-5
1020,victorhugo-applicativa,1.8893386372233987E-4
1021,BrunetoPassagens,6.989748369058715E-5
1022,caetanopacheco,6.989748369058715E-5
1023,joaoguilhermeeu,1.0780217585281782E-4
1024,salmiox,4.650020015732637E-4
1025,vinicin7,4.808691096806624E-4
1026,Isaac-alencar,6.989748369058715E-5
1027,vmontoyasmtop,6.989748369058715E-5
1028,Floryvibla,6.989748369058715E-5
1029,msmaiza,6.989748369058715E-5
1030,Srreven,8.778723104939689E-5
1031,MatheusMoraisDescomplica,1.054325940841278E-4
1032,josevitor676,6.55959179717214E-4
1033,rodrigocabraln,6.989748369058715E-5
1034,cliquemania,6.989748369058715E-5
1035,FedrigoSmart,6.989748369058715E-5
1036,icaro-dahora,6.989748369058715E-5
1037,andersonluciano,6.989748369058715E-5
1038,jonassilva90,6.989748369058715E-5
1039,santoswillames,6.989748369058715E-5
1040,ederson44,6.989748369058715E-5
1041,adaptesolucoes,6.989748369058715E-5
1042,CarlosWss,6.989748369058715E-5
1043,Rody-Nunes,1.3612243160056293E-4
1044,pess0a,6.989748369058715E-5
1045,pedroyuuki,6.989748369058715E-5
1046,valneimelo,6.989748369058715E-5
1047,Gabrklein,6.989748369058715E-5
1048,brvt,6.989748369058715E-5
1049,yydevelopment,7.129967886198658E-4
1050,jotaperez3,6.989748369058715E-5
1051,Rodrigo131102,6.989748369058715E-5
1052,pr-maia,6.989748369058715E-5
1053,TheCsarbeat,6.989748369058715E-5
1054,EmanoelFaria,6.989748369058715E-5
1055,cvrtopher,6.989748369058715E-5
1056,cygustronic,6.989748369058715E-5
1057,guilhermeverdoodt,6.989748369058715E-5
1058,tonz1818,7.010814144834171E-5
1059,pablodiegoo,2.3729508088883624E-4
1060,ViniciusCortez0202,6.989748369058715E-5
1061,rogpessoa,6.989748369058715E-5
1062,socger,8.991242849400807E-5
1063,EltonPereira12,6.989748369058715E-5
1064,Gabriel-Souza2,4.093736353218122E-4
1065,diegofss11,6.989748369058715E-5
1066,diegoqantas,6.989748369058715E-5
1067,jamesjhonatan123,1.7067228718665181E-4
1068,rodrigo-ogioni,0.002671661818631314
1069,RafaelDomenegueti,6.989748369058715E-5
1070,WagnerWolf,6.989748369058715E-5
1071,LuccaDurigan,6.989748369058715E-5
1072,mstuttgart,6.989748369058715E-5
1073,Jacodom,6.989748369058715E-5
1074,Dza-12,6.989748369058715E-5
1075,kileandrasoares,4.210238139780183E-4
1076,brunoscruz2023,6.989748369058715E-5
1077,medeiroscv,6.989748369058715E-5
1078,PedroProduct,1.295210025853408E-4
1079,dionepereirass,6.989748369058715E-5
1080,lucsqroz,4.7509588249820204E-4
1081,jsKahne,6.989748369058715E-5
1082,davidtmiranda,6.989748369058715E-5
1083,rafaelmacedox,6.989748369058715E-5
1084,HambaBersalah,6.989748369058715E-5
1085,nextcomm,6.989748369058715E-5
1086,solucionesiacloud,7.010814144834171E-5
1087,almirb,2.590965307926847E-4
1088,lucasamaral11,6.989748369058715E-5
1089,luiseduardoluz,6.989748369058715E-5
1090,jesserovira,6.989748369058715E-5
1091,viegasozeias,3.143610150115601E-4
1092,Guidmr,6.989748369058715E-5
1093,LucasPolicenter,6.989748369058715E-5
1094,kennedysmartins,6.989748369058715E-5
1095,clebiano,6.989748369058715E-5
1096,phoenixsampras,7.010814144834171E-5
1097,fabioaragao,7.010814144834171E-5
1098,InfiniteGear,0.001590471986902451
1099,schimaia1,6.332505275366559E-4
1100,flavionc,6.989748369058715E-5
1101,rocketagenciaseo,7.010814144834171E-5
1102,sonnpaulo,6.989748369058715E-5
1103,ladeiraluiz,6.989748369058715E-5
1104,victorconde1,6.989748369058715E-5
1105,rodrigorossi22,6.989748369058715E-5
1106,Thiagogestormkt,6.989748369058715E-5
1107,smartflixbr,6.989748369058715E-5
1108,vitormrsp,6.989748369058715E-5
1109,tcghiraldiniapi,6.989748369058715E-5
1110,edisonmartinsmkt,1.2478846985039096E-4
1111,antonio-abrantes,6.989748369058715E-5
1112,ASchneiderBR,6.989748369058715E-5
1113,celobusana,6.989748369058715E-5
1114,ThiagoSenaJT,6.989748369058715E-5
1115,carrati,6.989748369058715E-5
1116,EzequiasCandeia,6.989748369058715E-5
1117,jilcimar,6.989748369058715E-5
1118,youngkhaf,6.989748369058715E-5
1119,jlenon7,6.989748369058715E-5
1120,Henriquuepedro,6.989748369058715E-5
1121,onovotrafego,1.295210025853408E-4
1122,RenanPiffer,6.989748369058715E-5
1123,MayconSantosBR,6.989748369058715E-5
1124,wlucenasec,6.989748369058715E-5
1125,GabePaduch,6.989748369058715E-5
1126,mariogalvao,6.989748369058715E-5
1127,juan-duran,6.989748369058715E-5
1128,anderecc,7.059513211339909E-5
1129,jhonwimo,1.5155945249497915E-4
1130,djgoulart,3.8330028727829376E-4
1131,githubsaturn,7.010814144834171E-5
1132,dudis,6.989748369058715E-5
1133,voodobr,6.989748369058715E-5
1134,pachecothiago,6.989748369058715E-5
1135,matsnascimento,8.374411632520028E-5
1136,marceel08,7.010814144834171E-5
1137,fokc1509,3.6870918069141956E-4
1138,prhost,5.296548931785183E-4
1139,suporteaoficina,6.989748369058715E-5
1140,Jp-K,6.989748369058715E-5
1141,Marloncristianolp,6.989748369058715E-5
1142,mauro-andre,7.010814144834171E-5
1143,jwcaceres78,2.778424976700839E-4
1144,IAntropo,6.989748369058715E-5
1145,Procuria,6.989748369058715E-5
1146,aliuosio,6.989748369058715E-5
1147,vilsonnjr,6.989748369058715E-5
1148,drauber,8.991242849400807E-5
1149,erildobarone,7.010814144834171E-5
1150,jhonatantav,2.0852749301025165E-4
1151,jhonathanabreu,6.989748369058715E-5
1152,Marcone-zz,6.989748369058715E-5
1153,StarTron,6.989748369058715E-5
1154,Rafhageek,1.295210025853408E-4
1155,nmultimidia,6.989748369058715E-5
1156,brunofelixbessa,1.9764412645676798E-4
1157,tallesairan,6.989748369058715E-5
1158,SimpleDevSam,6.989748369058715E-5
1159,joaoporth,6.989748369058715E-5
1160,paulognu,6.989748369058715E-5
1161,toledopiza,6.989748369058715E-5
1162,regisnew,6.989748369058715E-5
1163,mBraga28,6.989748369058715E-5
1164,rafwell,3.307589376303349E-4
1165,alexjlutke,6.989748369058715E-5
1166,spacephotosp,6.989748369058715E-5
1167,Santosl2,7.038447435564452E-5
1168,josemgjunior,6.989748369058715E-5
1169,EDSONN56,7.010814144834171E-5
1170,Talhary,1.295210025853408E-4
1171,gabrielgranado,6.989748369058715E-5
1172,LeonardoSFreire,1.567535205753489E-4
1173,fernandeshenrique15,7.038447435564452E-5
1174,henriqueapgomes,7.010814144834171E-5
1175,foqc,7.038447435564452E-5
1176,guilombardi91,1.6764425514824853E-4
1177,EmmersonRodrigues,6.989748369058715E-5
1178,jwcunhagit,7.010814144834171E-5
1179,sacaciabesac,7.010814144834171E-5
1180,enbellotto,7.010814144834171E-5
1181,Fernacom-Sistemas,7.010814144834171E-5
1182,radamesbispo,2.1097231363197822E-4
1183,joaohenriquecs87,6.989748369058715E-5
1184,davidlustosa,9.981457201684125E-5
1185,Raphaildest,6.621738062510754E-4
1186,adelmops,6.989748369058715E-5
1187,bahoan,1.4561198580994472E-4
1188,matheuspinhati,6.989748369058715E-5
1189,huenderpereira,6.989748369058715E-5
1190,rogeriolixa,4.577085658732812E-4
1191,carnivash,6.989748369058715E-5
1192,wilerptech,6.989748369058715E-5
1193,ViliNeto,6.989748369058715E-5
1194,muno3421,6.989748369058715E-5
1195,wigo007,6.989748369058715E-5
1196,FIXONWEB,6.989748369058715E-5
1197,palvesgomes73,8.310061227140086E-5
1198,master-kenobi,7.134590938869586E-5
1199,xespi,6.989748369058715E-5
1200,hermespereira,6.989748369058715E-5
1201,Vinaum8,1.295210025853408E-4
1202,jwdutra,3.850798811114804E-4
1203,rdtecnologia,6.989748369058715E-5
1204,ramonmatias19,6.989748369058715E-5
1205,coffeverton,6.989748369058715E-5
1206,eduardoboca,6.989748369058715E-5
1207,JGabriel963,1.8893386372233987E-4
1208,EffEmPee,6.989748369058715E-5
1209,jjctmoto,6.989748369058715E-5
1210,g-vrd,7.134590938869586E-5
1211,jrcobenar,7.010814144834171E-5
1212,przewodo,7.010814144834171E-5
1213,diogodomanski,7.010814144834171E-5
1214,agenciasinapse,6.447147917046729E-4
1215,Lucasjnt,6.989748369058715E-5
1216,jvamancio,6.989748369058715E-5
1217,negociartech,6.989748369058715E-5
1218,marcolinoffls,6.989748369058715E-5
1219,fabiodevn1,6.989748369058715E-5
1220,DouglasSalvagni,6.989748369058715E-5
1221,srpavani,4.8457926973318854E-4
1222,guipi3,6.989748369058715E-5
1223,vdiaza,6.989748369058715E-5
1224,ssouza,6.989748369058715E-5
1225,JVSC99,6.989748369058715E-5
1226,Tuphiq,2.4834672485933893E-4
1227,Vitorwerneck,6.989748369058715E-5
1228,GranamyrBR,6.989748369058715E-5
1229,franklinmoreiras,6.989748369058715E-5
1230,multideskio,6.989748369058715E-5
1231,CampeloMarcos,6.989748369058715E-5
1232,mathias-ctrl,6.989748369058715E-5
1233,CarlosSLoureiro,3.089419853873933E-4
1234,llfaria,6.989748369058715E-5
1235,hatembadran,2.307938789835274E-4
1236,wandrey7,6.989748369058715E-5
1237,halarumdigital,3.1991317068902597E-4
1238,gmarruda,6.989748369058715E-5
1239,ArielS1,6.989748369058715E-5
1240,kuncoroatmojo,3.9824476384240487E-4
1241,muava12,6.989748369058715E-5
1242,alenicomar,6.989748369058715E-5
1243,MaiconFelicio,6.989748369058715E-5
1244,martoni891,1.010523399571954E-4
1245,robinhodemorais,6.989748369058715E-5
1246,Rodribm10,9.981457201684125E-5
1247,santos78-hub,2.681510119050053E-4
1248,amirhamzh,6.989748369058715E-5
1249,Pantaleaogc,6.989748369058715E-5
1250,agencia904,6.989748369058715E-5
1251,EduardoDos-SantosP,6.989748369058715E-5
1252,dv336699,8.704824689028897E-5
1253,leonardopilz,6.989748369058715E-5
1254,guigagb,6.989748369058715E-5
1255,joaopauloit,1.4437421786959054E-4
1256,FabioHAraujo,6.989748369058715E-5
1257,nayralopes,6.989748369058715E-5
1258,JOESTAR117,4.593282709133956E-4
1259,crmkt,6.989748369058715E-5
1260,factcil-web,6.989748369058715E-5
1261,fakipper,6.989748369058715E-5
1262,leonardo-lacerda,6.989748369058715E-5
1263,GustavoElevenX,6.989748369058715E-5
1264,Limeirelles,6.989748369058715E-5
1265,george-WSS,6.989748369058715E-5
1266,iagocotta,6.989748369058715E-5
1267,pedro-php,7.038447435564452E-5
1268,autotrafego,6.989748369058715E-5
1269,ygorsantana,6.989748369058715E-5
1270,clsshbr2,6.989748369058715E-5
1271,faganello,6.989748369058715E-5
1272,martinsjr,6.989748369058715E-5
1273,prospeccaodigital,6.989748369058715E-5
1274,IGPGCOMERCIO,8.496135673259148E-5
1275,autonom-ia,9.981457201684125E-5
1276,axonia-tools,6.989748369058715E-5
1277,marcelinhov2,2.0990742421438094E-4
1278,brunopinto123,1.295210025853408E-4
1279,R4T0,6.989748369058715E-5
1280,osombot,6.989748369058715E-5
1281,GabrielAlmeida987,6.989748369058715E-5
1282,nerosolutions,6.989748369058715E-5
1283,kyulucas,6.989748369058715E-5
1284,vinidevai,6.989748369058715E-5
1285,gtjadsonsantos,6.989748369058715E-5
1286,ryzinN,6.989748369058715E-5
1287,viniciusvieira00,6.989748369058715E-5
1288,fabiofrances,1.295210025853408E-4
1289,tmsdesarrollo3,6.989748369058715E-5
1290,romiltolopes,6.989748369058715E-5
1291,Infomaquina,6.989748369058715E-5
1292,LucasCorrei,6.989748369058715E-5
1293,jayveloper,6.989748369058715E-5
1294,gdok-gestao,6.989748369058715E-5
1295,edimarsiqueira90,5.595258486667591E-4
1296,Felizolinha,6.989748369058715E-5
1297,Jeferson-Diniz,6.989748369058715E-5
1298,RafaFenix,6.989748369058715E-5
1299,andersonid,6.989748369058715E-5
1300,gcbcarneiro,6.989748369058715E-5
1301,augustobr1to,6.989748369058715E-5
1302,andressalvarez,3.8697673417900343E-4
1303,grupojr7,6.989748369058715E-5
1304,tuliosousapro,6.989748369058715E-5
1305,davidneyravyr,6.989748369058715E-5
1306,MMaiconnascimento,6.989748369058715E-5
1307,MustaCH,6.989748369058715E-5
1308,nitinsanghi,6.989748369058715E-5
1309,BryanVillaDev,1.295210025853408E-4
1310,Saccomani,6.989748369058715E-5
1311,italomarcelogit,2.9012119993625685E-4
1312,DarciCJr,6.989748369058715E-5
1313,dctsistemas,6.989748369058715E-5
1314,joao-baza,0.0012987136985027196
1315,matefs,8.496135673259148E-5
1316,deivid2025,7.010814144834171E-5
1317,luisphtrindade,1.8911292281643125E-4
1318,igordeloyola,6.989748369058715E-5
1319,emarineli,7.010814144834171E-5
1320,liota,1.2952100258534078E-4
1321,Pezhvak,6.989748369058715E-5
1322,ap4everthing,1.3072717186203174E-4
1323,fernandoa935,7.113525163094129E-5
1324,lmontelatto,7.113525163094129E-5
1325,rcesar,7.422568367306666E-4
1326,jrafael29,6.989748369058715E-5
1327,bergpinheiro,7.010814144834171E-5
1328,JordyContador,6.989748369058715E-5
1329,alissonamorim2004,6.989748369058715E-5
1330,ElitonJSJr,6.989748369058715E-5
1331,DiegoFalabella,6.989748369058715E-5
1332,ribeiro-automatize,6.989748369058715E-5
1333,admdanielspalma,7.113525163094129E-5
1334,ifai-ai,6.989748369058715E-5
1335,tiburssio,6.989748369058715E-5
1336,Matheus-SS,6.989748369058715E-5
1337,rafaelmenon,7.113525163094129E-5
1338,GilMedeiros,0.0012346654142530065
1339,prudenciooficial,6.989748369058715E-5
1340,Gabriel-oc1,1.90171631662694E-4
1341,Raulcvf1,6.989748369058715E-5
1342,usjavs14,1.3054811276794036E-4
1343,IchthysMaranatha,6.989748369058715E-5
1344,Bruno-Butzke,1.004348425159838E-4
1345,osmarkozanjr,6.989748369058715E-5
1346,luislhsc,6.989748369058715E-5
1347,parkejunior,2.0663063994272868E-4
1348,raphamzn,6.989748369058715E-5
1349,paulop,6.989748369058715E-5
1350,lucasnp92,3.546167797645394E-4
1351,nikolinm,6.989748369058715E-5
1352,luizphelipes,6.989748369058715E-5
1353,NieriDantas,6.989748369058715E-5
1354,PetersonFonseca,6.989748369058715E-5
1355,brunoagentes2025-dot,6.989748369058715E-5
1356,marcelloinfoweb,6.989748369058715E-5
1357,alebraso,1.8893386372233987E-4
1358,elimesquita,6.989748369058715E-5
1359,ravanellodev,6.989748369058715E-5
1360,iphoneconsult,4.902436022932275E-4
1361,Romulorib25,6.989748369058715E-5
1362,darkklin,4.1707748450230185E-4
1363,sergio-scardigno,6.989748369058715E-5
1364,patrickmau,4.907058623342357E-4
1365,yewkay,6.989748369058715E-5
1366,sergiodmcosta86,6.989748369058715E-5
1367,jaimenasser,2.186402942908394E-4
1368,luismata01,6.989748369058715E-5
1369,scsrat,6.989748369058715E-5
1370,Pbizado,1.295210025853408E-4
1371,rojdev,6.989748369058715E-5
1372,eugeniocarvalho,6.989748369058715E-5
1373,marcelo-candido,8.72181766797829E-4
1374,juanjosesarabia,6.989748369058715E-5
1375,Samu3l-95,6.989748369058715E-5
1376,tecvirtua,6.989748369058715E-5
1377,maisSistemasDev,6.989748369058715E-5
1378,charlesbatemarque,6.989748369058715E-5
1379,PabloBernar,6.989748369058715E-5
1380,dih1,6.989748369058715E-5
1381,moraiscode,6.989748369058715E-5
1382,IntezMercurio,6.989748369058715E-5
1383,lucasstro,6.989748369058715E-5
1384,oluanferreira,6.989748369058715E-5
1385,rrnazario,6.989748369058715E-5
1386,Vutsoga22,6.989748369058715E-5
1387,erpwoosync,4.353645801048571E-4
1388,thexiox,8.12828592025527E-4
1389,Wibbox,7.010814144834171E-5
1390,IgorFSSilva,2.1692810077335762E-4
1391,Hedriss10,6.989748369058715E-5
1392,bparreira17,6.989748369058715E-5
1393,caiython,6.989748369058715E-5
1394,al3xv0lk,6.989748369058715E-5
1395,chetanshintre,0.0010358697185068502
1396,RodrigoFacioDev,6.989748369058715E-5
1397,kondurisai,6.989748369058715E-5
1398,luisotavio756,6.989748369058715E-5
1399,Juan-Alves-1,6.989748369058715E-5
1400,ip2cloud,3.084956406635888E-4
1401,cowaleinc,1.4066091404852814E-4
1402,n-qber,6.989748369058715E-5
1403,arthurprudenteres,6.989748369058715E-5
1404,diego-lipinski-de-castro,7.010814144834171E-5
1405,ViniciusLucas14,0.0012232487113265056
1406,AL-ALIE,6.989748369058715E-5
1407,thiago-rferreira,6.989748369058715E-5
1408,MarceloArraes,6.989748369058715E-5
1409,barto95100,6.989748369058715E-5
1410,claudiocorazza,1.1967854542720473E-4
1411,SandroAlmeidaDev,6.989748369058715E-5
1412,ervaloliveira,6.989748369058715E-5
1413,AbdelrahimE,6.989748369058715E-5
1414,phrodriguesilva,6.989748369058715E-5
1415,lucasbolanho,6.989748369058715E-5
1416,doazeite,6.989748369058715E-5
1417,VinnyZK,6.989748369058715E-5
1418,brunoclc,6.989748369058715E-5
1419,douglasvargas1995,6.989748369058715E-5
1420,PedroTigre123,6.989748369058715E-5
1421,rod-tay,6.989748369058715E-5
1422,rodrigobg,7.912159382638316E-4
1423,ideiabot,6.989748369058715E-5
1424,danilosouza-dev,6.989748369058715E-5
1425,Orbe2025,6.989748369058715E-5
1426,GMCloudCorp,6.989748369058715E-5
1427,HugooSantos,1.5901677539608577E-4
1428,aaguilare,6.989748369058715E-5
1429,cedric-sd,6.989748369058715E-5
1430,ojauumdev,2.286607659709537E-4
1431,adryansf,6.989748369058715E-5
1432,gerson-henrique,6.989748369058715E-5
1433,techwavedev,6.989748369058715E-5
1434,willianxzy,6.989748369058715E-5
1435,MarcosPPL2,6.989748369058715E-5
1436,carrilloapps,6.989748369058715E-5
1437,WillianyV,6.989748369058715E-5
1438,AdonisTrappe,6.989748369058715E-5
1439,dbechelli,6.989748369058715E-5
1440,razzera,6.989748369058715E-5
1441,tainanflores,6.989748369058715E-5
1442,Daquisu,7.038447435564452E-5
1443,julia-otomoduarte,6.989748369058715E-5
1444,Storedias,9.395607431620111E-5
1445,hamzaa53,1.934990932299549E-4
1446,jrvidotti,1.451658256254273E-4
1447,modeldb-consultoria,7.010814144834171E-5
1448,HPleite01,4.7736769083296085E-4
1449,ShowtimeProp,6.989748369058715E-5
1450,alexdistegit,6.989748369058715E-5
1451,rychaardm,6.989748369058715E-5
1452,climacompany,6.989748369058715E-5
1453,opttai,1.887232059645853E-4
1454,jorceli,6.989748369058715E-5
1455,ensinardigitaldev,6.989748369058715E-5
1456,MauMauRobert,0.0011029149262889327
1457,ryankoh2864,6.989748369058715E-5
1458,Amr-Abdelaziz,6.989748369058715E-5
1459,gyulamester,6.989748369058715E-5
1460,alepfilho,6.989748369058715E-5
1461,jeorgy,6.989748369058715E-5
1462,saulotarsobc,6.989748369058715E-5
1463,FagnerSiriano,6.989748369058715E-5
1464,leogarrido96,6.989748369058715E-5
1465,williambauch,6.989748369058715E-5
1466,IOhacker,6.989748369058715E-5
1467,starteventos,6.989748369058715E-5
1468,mirkarpude,6.989748369058715E-5
1469,pedrolabreu,6.989748369058715E-5
1470,caam1406,6.989748369058715E-5
1471,smoldah,6.989748369058715E-5
1472,Dilshad4,6.989748369058715E-5
1473,Ryan03037,6.440263597584663E-4
1474,leo-moraes,6.989748369058715E-5
1475,hypegg,6.989748369058715E-5
1476,jpmartins201,6.989748369058715E-5
1477,thailonlucas,6.989748369058715E-5
1478,tukangparkir2008,1.295210025853408E-4
1479,phpiando,6.989748369058715E-5
1480,dsalvanhini,8.00102849711749E-5
1481,johnnybs2,2.359701165846326E-4
1482,DRIMOL,7.010814144834171E-5
1483,hudinikdev,6.989748369058715E-5
1484,cendyandreoli,6.989748369058715E-5
1485,tiago18fap,0.0010229588248115158
1486,gabriel-miranda7,6.989748369058715E-5
1487,danilolimar,2.4728225782433635E-4
1488,willguitaradmfar,6.989748369058715E-5
1489,dmasciel,6.989748369058715E-5
1490,seckerIA,6.989748369058715E-5
1491,danilobrizola,6.989748369058715E-5
1492,McamargoGotWorx,6.989748369058715E-5
1493,thiagofagundess,6.989748369058715E-5
1494,DieGuilherme,6.989748369058715E-5
1495,rodrigobatista21,6.989748369058715E-5
1496,aleramirezsj,6.989748369058715E-5
1497,engenheiroquant,6.989748369058715E-5
1498,spartagraficos,6.989748369058715E-5
1499,Caous,2.186402942908394E-4
1500,mokbhai,6.989748369058715E-5
1501,WarlaxZ,6.989748369058715E-5
1502,WEBudoGT,6.989748369058715E-5
1503,dennismartini,6.989748369058715E-5
1504,wagneralmandes,9.981457201684125E-5
1505,VinicioAM,6.989748369058715E-5
1506,Jerribeiro1,6.989748369058715E-5
1507,jeanzulk,1.5336893545320017E-4
1508,alexx2601,6.989748369058715E-5
1509,hillux2600,7.010814144834171E-5
1510,juancresc,0.0032030095369227326
1511,trevisanisolutions,6.989748369058715E-5
1512,Captando,6.989748369058715E-5
1513,vsalgueiro7,6.989748369058715E-5
1514,flpnascimento45,2.186402942908394E-4
1515,pablod1mkt,6.989748369058715E-5
1516,LeoAzevedo59,6.989748369058715E-5
1517,rafaeloliveiraz,6.989748369058715E-5
1518,leonidasamorim,6.989748369058715E-5
1519,gustavoneves1,6.989748369058715E-5
1520,samuel-cardoso,6.989748369058715E-5
1521,rhafiko,6.989748369058715E-5
1522,diglesiasus,6.989748369058715E-5
1523,JBdesarrollo,0.003843763731166217
1524,mvmendes,6.989748369058715E-5
1525,Webion2019,6.989748369058715E-5
1526,danilobreda,6.989748369058715E-5
1527,b8adel,6.989748369058715E-5
1528,adriannoes,6.989748369058715E-5
1529,Bitmerchants,6.989748369058715E-5
1530,CesareIsHere,6.989748369058715E-5
1531,iaurg,6.989748369058715E-5
1532,luccamrofc,2.1023183673263399E-4
1533,alyleite,6.989748369058715E-5
1534,luisfilipesant,6.989748369058715E-5
1535,4y55,6.989748369058715E-5
1536,heitorlopes2404,6.989748369058715E-5
1537,jose-marcos-costa,6.989748369058715E-5
1538,jasp402,6.989748369058715E-5
1539,tjmoreira,6.989748369058715E-5
1540,jpaguero,6.989748369058715E-5
1541,Guiziemann,6.989748369058715E-5
1542,Cunhov,6.989748369058715E-5
1543,brunorbarroso,6.989748369058715E-5
1544,ronanft,6.989748369058715E-5
1545,automatikblog,6.989748369058715E-5
1546,blopaxcl,6.989748369058715E-5
1547,leonardokatayama,6.989748369058715E-5
1548,sonnqdromoderno,6.989748369058715E-5
1549,KauaMB2,6.989748369058715E-5
1550,davinunes,6.989748369058715E-5
1551,netdados,6.989748369058715E-5
1552,fodaci10,6.989748369058715E-5
1553,felipehunter,6.989748369058715E-5
1554,jarbasmedeiros,6.989748369058715E-5
1555,Teorize,6.989748369058715E-5
1556,eudiegoaragao,6.989748369058715E-5
1557,samchambela,6.989748369058715E-5
1558,isaquetdiniz,6.989748369058715E-5
1559,AlejandroCaruso21,6.989748369058715E-5
1560,Danilobrm,6.989748369058715E-5
1561,cassolisolucoes,6.989748369058715E-5
1562,cleiton1982,6.989748369058715E-5
1563,lrebola,6.989748369058715E-5
1564,cakrumen,6.989748369058715E-5
1565,rickdroio,6.989748369058715E-5
1566,VRAutomatize,0.011140702695200197
1567,gustavo-ferreira03,6.989748369058715E-5
1568,leonardostefani,6.989748369058715E-5
1569,lucasjuvencio,6.989748369058715E-5
1570,matheus-zit,6.989748369058715E-5
1571,jeanjonathas,6.989748369058715E-5
1572,rubslopes,6.989748369058715E-5
1573,j0ng4b,6.989748369058715E-5
1574,iceblz,6.989748369058715E-5
1575,SrJhowBR,6.989748369058715E-5
1576,matheusreis-oliveira,6.989748369058715E-5
1577,acantidio,6.989748369058715E-5
1578,rodrigo-p-a,6.989748369058715E-5
1579,Theusmasiq,6.989748369058715E-5
1580,zegnhabi,6.989748369058715E-5
1581,Marcel-Calheiros,6.989748369058715E-5
1582,pedrolucasoliva,6.989748369058715E-5
1583,joansafr,6.989748369058715E-5
1584,ilicilho,6.989748369058715E-5
1585,raymendoza83,6.989748369058715E-5
1586,pedromedev,6.989748369058715E-5
1587,nicholassantoss,6.989748369058715E-5
1588,jbtonelli,6.989748369058715E-5
1589,augustodv,6.989748369058715E-5
1590,i-monteiro,6.989748369058715E-5
1591,thesaasfactorydev,6.989748369058715E-5
1592,DevKleber,6.989748369058715E-5
1593,rubasolutions,6.989748369058715E-5
1594,marcio-reino,6.989748369058715E-5
1595,rat,6.989748369058715E-5
1596,Alptecsol,6.989748369058715E-5
1597,ricagmarques,6.989748369058715E-5
1598,bugzoidTM,6.989748369058715E-5
1599,portaltn,6.989748369058715E-5
1600,cleberdorea,6.989748369058715E-5
1601,xLupus,6.989748369058715E-5
1602,erickbrz,6.989748369058715E-5
1603,LucasBueno007,6.989748369058715E-5
1604,davidsonbsb,6.989748369058715E-5
1605,lordjack,6.989748369058715E-5
1606,brunosantoos,6.989748369058715E-5
1607,WLpereira,1.295210025853408E-4
1608,markinhok2,6.989748369058715E-5
1609,tiagocaus,1.010523399571954E-4
1610,lucasstxp,1.6046520109419448E-4
1611,wallacemartinss,6.989748369058715E-5
1612,bodolay-prog,1.3075877052569495E-4
1613,manfromearthyt,6.989748369058715E-5
1614,VitorAf0nso,1.2545295851039567E-4
1615,HeitorAgily,6.989748369058715E-5
1616,ezzCoutinho,1.3075877052569495E-4
1617,DaianaSimao,6.989748369058715E-5
1618,musemby,3.186888397017708E-4
1619,iqueroman,6.989748369058715E-5
1620,NathyG2524,6.989748369058715E-5
1621,piranhyak,6.989748369058715E-5
1622,dariogcode,6.989748369058715E-5
1623,caiogui,6.989748369058715E-5
1624,alamohf,6.989748369058715E-5
1625,acauaferreira,1.5730458187860399E-4
1626,AlexSzefezuk,6.989748369058715E-5
1627,zua-1,1.5035239981360673E-4
1628,MichelCF,6.989748369058715E-5
1629,LineckerN,7.134590938869586E-5
1630,renanpupin,6.989748369058715E-5
1631,TheEmanuelSampaio,4.761170609375682E-4
1632,BernardoGoems,6.989748369058715E-5
1633,LucasRobs,6.989748369058715E-5
1634,leomeneguzzi,6.989748369058715E-5
1635,exvecchio-glitch,6.989748369058715E-5
1636,StbanMc,1.5922743315384034E-4
1637,FabioAguiar-DS,6.989748369058715E-5
1638,HyperviewBrasil,7.010814144834171E-5
1639,maickom88,7.23822914860683E-4
1640,henrique-nhrl,6.989748369058715E-5
1641,brunaagathaph1,6.989748369058715E-5
1642,JuniorrMacedo,6.989748369058715E-5
1643,JonathanLopesM,6.989748369058715E-5
1644,RenanAmaro,6.989748369058715E-5
1645,afcasasfranco,6.989748369058715E-5
1646,luimatheo99,6.989748369058715E-5
1647,pedrormc,6.989748369058715E-5
1648,McNickSisto,6.989748369058715E-5
1649,agenciageraleads,6.989748369058715E-5
1650,muhbianco,6.989748369058715E-5
1651,eronGreco,8.619912467294563E-5
1652,rafaeltreymor,7.113525163094129E-5
1653,rlabanca,1.8977530871388631E-4
1654,flaviabanchieri,6.989748369058715E-5
1655,Leandrogri,1.0680575884752161E-4
1656,jhonatan2462,6.989748369058715E-5
1657,himanshusdeshmukh2106,1.887232059645853E-4
1658,FelipeAugusto26,6.989748369058715E-5
1659,jsalonl,6.989748369058715E-5
1660,J-Pster,7.851516522535898E-4
1661,merxhan,6.989748369058715E-5
1662,Igor1Ryan,6.989748369058715E-5
1663,brunogfox,6.989748369058715E-5
1664,Evilazio,6.989748369058715E-5
1665,Deyvi-dev,1.3000799325039818E-4
1666,PedroReckelEL,3.07759585996338E-4
1667,eltonciatto,6.989748369058715E-5
1668,yagoylc,6.989748369058715E-5
1669,ricardoabr,6.989748369058715E-5
1670,sstephanyy,6.989748369058715E-5
1671,leofelipet,5.006038311035141E-4
1672,matheusvalexd,6.989748369058715E-5
1673,devrhapp,7.010814144834171E-5
1674,GlennMHT,6.989748369058715E-5
1675,augustoarnold13,6.989748369058715E-5
1676,joanproductivo,6.989748369058715E-5
1677,arnavgupta00,7.059513211339909E-5
1678,paulocoutinhox,1.3000799325039818E-4
1679,nogran,1.295210025853408E-4
1680,tripainao,6.989748369058715E-5
1681,gabriellemos197,6.989748369058715E-5
1682,walisilva,6.989748369058715E-5
1683,viniciustrndd,6.989748369058715E-5
1684,next4dev,5.454110305443342E-4
1685,leocharrua,6.989748369058715E-5
1686,spuksa,6.989748369058715E-5
1687,AnthonyKamers,6.989748369058715E-5
1688,MateusHBLima,6.989748369058715E-5
1689,Wishaal,6.989748369058715E-5
1690,ridan-genius,6.989748369058715E-5
1691,mmacross,6.989748369058715E-5
1692,naujfract,6.989748369058715E-5
1693,eliezerazevedo,7.010814144834171E-5
1694,braunericardo,2.18642128329407E-4
1695,bitarneto,6.989748369058715E-5
1696,giordano221,6.988942551482485E-4
1697,decaffinetedturtle,6.989748369058715E-5
1698,imleaver,6.989748369058715E-5
1699,hipur,6.989748369058715E-5
1700,maxisimonazzi,6.989748369058715E-5
1701,nicolas-da-flly,6.989748369058715E-5
1702,RCallejo2,6.989748369058715E-5
1703,Edu-Luan,6.989748369058715E-5
1704,bigdatafran,6.989748369058715E-5
1705,mobinulislam143,6.989748369058715E-5
1706,OscarAgent,0.002063304295257329
1707,Moisesjr20,6.989748369058715E-5
1708,tallesnicacio,6.989748369058715E-5
1709,LCarrati,6.989748369058715E-5
1710,PVTois,6.989748369058715E-5
1711,owevertonguedes,6.989748369058715E-5
1712,lucianomarcelino,6.989748369058715E-5
1713,PedroPaiao,6.989748369058715E-5
1714,atilasilvalima,6.989748369058715E-5
1715,NocaoGamificada,6.989748369058715E-5
1716,monklabgit,6.989748369058715E-5
1717,arthurvenicio,6.989748369058715E-5
1718,jassriver,6.989748369058715E-5
1719,neophitus,6.989748369058715E-5
1720,hqvnet,1.624645730634685E-4
1721,MaicFonseca,6.989748369058715E-5
1722,rbernardes,2.651198489380314E-4
1723,JVini0166,1.165737676016762E-4
1724,victoreduardo,7.038447435564452E-5
1725,leoruza,8.00102849711749E-5
1726,armand087,2.4834672485933893E-4
1727,Cris123m,6.989748369058715E-5
1728,lacuentadeurielpe-ctrl,6.989748369058715E-5
1729,ThenucleoBen,6.989748369058715E-5
1730,thiagosmagalhaes,1.4119291705498604E-4
1731,heitor-s,6.989748369058715E-5
1732,doryashar,3.6696178937558254E-4
1733,aleksander-pankow,6.989748369058715E-5
1734,lamurian,6.989748369058715E-5
1735,alanalvestech,6.989748369058715E-5
1736,faelperetta,6.989748369058715E-5
1737,GuilhermeLimaSP,6.989748369058715E-5
1738,eudesmcf,4.261792022561365E-4
1739,ifadl,6.989748369058715E-5
1740,FireguiQueen,6.989748369058715E-5
1741,SiteupAgencia,6.989748369058715E-5
1742,jonathancostajr,6.989748369058715E-5
1743,celoooocosta,6.989748369058715E-5
1744,patronotech,3.448679805854513E-4
1745,augustoformentao,6.989748369058715E-5
1746,EUrubatan,7.010814144834171E-5
1747,leonardomarcao,6.989748369058715E-5
1748,alandequeiroz,6.989748369058715E-5
1749,ar3pavini,6.989748369058715E-5
1750,ricardozanga,6.989748369058715E-5
1751,douglas161,6.989748369058715E-5
1752,michemaximus,6.989748369058715E-5
1753,eduardoabreu-ia,6.989748369058715E-5
1754,gustavovitor,6.989748369058715E-5
1755,viniciusverasdossantos,6.989748369058715E-5
1756,Gugulima,6.989748369058715E-5
1757,nepogabriel,6.989748369058715E-5
1758,bryanwac,6.989748369058715E-5
1759,claudioferrazb,6.989748369058715E-5
1760,guiant32,6.989748369058715E-5
1761,iurijalmeida,6.989748369058715E-5
1762,rgisjr,6.989748369058715E-5
1763,jorgenascimentoifs,6.989748369058715E-5
1764,mauroalexandre,6.989748369058715E-5
1765,alexgomesxg,6.989748369058715E-5
1766,merkys7,6.989748369058715E-5
1767,diegoprodev,6.989748369058715E-5
1768,alvesph99,6.989748369058715E-5
1769,Tomyx15,6.989748369058715E-5
1770,Dec1o,6.989748369058715E-5
1771,yuribco,6.989748369058715E-5
1772,ViniciusBatista32,6.989748369058715E-5
1773,guiguiari,6.989748369058715E-5
1774,CleissonCardoso2025,6.989748369058715E-5
1775,nathan-lopes,6.989748369058715E-5
1776,heitorkfh,6.989748369058715E-5
1777,stavososa,2.4834672485933893E-4
1778,GutoMaciel,6.989748369058715E-5
1779,pedrotecinf,6.989748369058715E-5
1780,cristiano-dianese,6.989748369058715E-5
1781,fernandocostabr420,5.253278284548282E-4
1782,maionegen,6.989748369058715E-5
1783,Arenaz3,0.009835055806201714
1784,ViniSiqueira,6.989748369058715E-5
1785,cookfinances,6.989748369058715E-5
1786,filipehdbr,6.989748369058715E-5
1787,framemktdigital,7.010814144834171E-5
1788,SrOliver202023,7.010814144834171E-5
1789,henriquemod,6.989748369058715E-5
1790,juliomoreirx,3.017140082963081E-4
1791,rodrigoBrandaoDeSouza,6.989748369058715E-5
1792,VitorFOG,6.989748369058715E-5
1793,MrHoss,6.989748369058715E-5
1794,brunopq,6.989748369058715E-5
1795,soomiltech21,6.989748369058715E-5
1796,alexander-mattos,1.295210025853408E-4
1797,jporre,6.989748369058715E-5
1798,lbernardo,1.5901677539608577E-4
1799,SebasCrucer,6.989748369058715E-5
1800,pmas98,7.010814144834171E-5
1801,schieck0,1.295210025853408E-4
1802,welber,6.989748369058715E-5
1803,danjtprod13213,4.2658530827033607E-4
1804,tondatto,6.989748369058715E-5
1805,FlossyYuri,6.989748369058715E-5
1806,rafaelMelgesCruzeiro,6.989748369058715E-5
1807,douglasbrandao,6.989748369058715E-5
1808,pledo,6.989748369058715E-5
1809,emersonart,6.989748369058715E-5
1810,mahabdalla,6.989748369058715E-5
1811,leandrosroc,2.4423323611115353E-4
1812,andreilocks,6.989748369058715E-5
1813,weslleyitelx,1.8893386372233987E-4
1814,DaniloHNovais,6.989748369058715E-5
1815,renancandido01,6.989748369058715E-5
1816,minutacio,7.010814144834171E-5
1817,arktnld,7.010814144834171E-5
1818,User1Growth7,8.799788880715146E-5
1819,DouglasRenato,6.989748369058715E-5
1820,AlanCWB,6.989748369058715E-5
1821,w35l3y,7.038447435564452E-5
1822,gabrieldeoa,1.295210025853408E-4
1823,maxthetor,6.989748369058715E-5
1824,enoksaju,8.991242849400807E-5
1825,moskoweb,3.07759585996338E-4
1826,periclesbezerra,6.989748369058715E-5
1827,matheusleite,6.989748369058715E-5
1828,likamee,6.989748369058715E-5
1829,phsantosti,6.989748369058715E-5
1830,jeffersonfelixdev,1.2979733549264359E-4
1831,haluwong,7.010814144834171E-5
1832,jkenterprises-34,7.010814144834171E-5
1833,mario-proteus-paypal,7.010814144834171E-5
1834,tardisblink,1.0724117965896614E-4
1835,lucasbarsottini,5.075767074119296E-4
1836,marcelorl,6.989748369058715E-5
1837,fabio-bix,6.989748369058715E-5
1838,EnriqueGF,7.200347795788678E-4
1839,marcosvb1,6.989748369058715E-5
1840,henrique062,6.989748369058715E-5
1841,jhonmolano09,6.989748369058715E-5
1842,orabanal,6.989748369058715E-5
1843,joseeavrs,6.989748369058715E-5
1844,FiniAppBr,6.989748369058715E-5
1845,ajudanet,6.989748369058715E-5
1846,ronaldoasilva,6.989748369058715E-5
1847,atp-natan,6.989748369058715E-5
1848,jhernandezb85,7.010814144834171E-5
1849,ragnafanaticos,5.427287275883568E-4
1850,saldorflorin,6.989748369058715E-5
1851,manozzo,6.989748369058715E-5
1852,estvita,7.010814144834171E-5
1853,igorsamuelsouza22,8.65671497283764E-5
1854,ebertti,6.989748369058715E-5
1855,felipeleite11,2.0098875390984512E-4
1856,phpnato,6.989748369058715E-5
1857,IcaruuS22,4.8229195616613675E-4
1858,tiagoluo,6.989748369058715E-5
1859,altomarketing,6.989748369058715E-5
1860,ismael-rodrigo,6.989748369058715E-5
1861,pinguino132,6.989748369058715E-5
1862,UniVersos1,2.4834672485933893E-4
1863,rennanfelipeto,6.989748369058715E-5
1864,AhmadBinKhalil,6.989748369058715E-5
1865,EmanuelMdz,6.989748369058715E-5
1866,diegolinhares,7.010814144834171E-5
1867,leonardoferreiradg,7.010814144834171E-5
1868,Reikagilu,7.010814144834171E-5
1869,spada23,7.010814144834171E-5
1870,guilhermejansen,1.3000799325039818E-4
1871,iAm4badd0n,1.297000616794322E-4
1872,luan-nvg,7.010814144834171E-5
1873,AleAmla987,7.010814144834171E-5
1874,aolmkt,6.989748369058715E-5
1875,mbarrosz2,6.989748369058715E-5
1876,pablomarcony,6.989748369058715E-5
1877,arthur7114,6.989748369058715E-5
1878,jjuniorxp,6.989748369058715E-5
1879,igorMSoares,6.989748369058715E-5
1880,felipersteles,7.010814144834171E-5
1881,jesulo,1.5922743315384034E-4
1882,AsasInnab,6.989748369058715E-5
1883,matheus051004,1.295210025853408E-4
1884,ricardoltl,6.989748369058715E-5
1885,theeusmartins,7.525185917384828E-4
1886,i3wu,6.989748369058715E-5
1887,crbueno-git,6.989748369058715E-5
1888,danielfnz,6.989748369058715E-5
1889,fhelyp05,6.989748369058715E-5
1890,rafaelfvalim,6.989748369058715E-5
1891,juanspina,6.989748369058715E-5
1892,fCaioRibeiro,4.758853681267474E-4
1893,RogerioAmaral,6.989748369058715E-5
1894,wallisonfelipe,6.989748369058715E-5
1895,bigdubr,6.989748369058715E-5
1896,MarecoX,6.989748369058715E-5
1897,diegotannure,6.989748369058715E-5
1898,amctecnologia,6.989748369058715E-5
1899,raphaelfranca,6.989748369058715E-5
1900,RuanMD,3.07759585996338E-4
1901,ofmarconi,6.989748369058715E-5
1902,oslec,6.989748369058715E-5
1903,julianomatias,6.989748369058715E-5
1904,marks-zyz,6.989748369058715E-5
1905,deskzap,6.989748369058715E-5
1906,alexandreviolamelo,6.989748369058715E-5
1907,Franruaben11,1.295210025853408E-4
1908,guille1one,6.989748369058715E-5
1909,Vladosur,6.989748369058715E-5
1910,s-marques,0.001317778225325322
1911,wcruz-br,6.989748369058715E-5
1912,gausinopufmt,6.989748369058715E-5
1913,tmw-development,6.989748369058715E-5
1914,vihdamarques,6.989748369058715E-5
1915,denismachiron,6.989748369058715E-5
1916,abcdefabio,6.989748369058715E-5
1917,mamv2137,6.989748369058715E-5
1918,edmargomes,6.989748369058715E-5
1919,kowaalski,6.989748369058715E-5
1920,ericomattos,6.989748369058715E-5
1921,CiceroBrunelli,6.989748369058715E-5
1922,lufnascimento,6.989748369058715E-5
1923,francisprecisaosistemas,6.989748369058715E-5
1924,rondweb,6.989748369058715E-5
1925,Rigolon,6.989748369058715E-5
1926,jesse-orestes,6.989748369058715E-5
1927,olavuwdev,6.989748369058715E-5
1928,emersonxxl,6.989748369058715E-5
1929,andcapbr-hub,6.989748369058715E-5
1930,djalmaaraujo,7.134590938869586E-5
1931,Matheus-Matta,4.4079433223497217E-4
1932,poggioni-dot,6.989748369058715E-5
1933,joaomachado-pg,6.989748369058715E-5
1934,hmassareli,7.010814144834171E-5
1935,Alex-HC2024,1.3951267565521965E-4
1936,nilsonchagas,7.010814144834171E-5
1937,oriondesign2015,1.2979733549264359E-4
1938,sourcery-ai[bot],6.989748369058715E-5
1939,impa365,6.989748369058715E-5
1940,luckymenbr,6.989748369058715E-5
1941,kakoia,1.261126413339025E-4
1942,micaelmz,1.261126413339025E-4
1943,alexandrereyes,7.038447435564452E-5
1944,muriloleal13,1.261126413339025E-4
1945,gabrielmouallem,1.261126413339025E-4
1946,rodps,1.261126413339025E-4
1947,github-advanced-security[bot],6.989748369058715E-5
1948,copilot-pull-request-reviewer[bot],6.989748369058715E-5
1949,saraivabr,7.038447435564452E-5
1950,lexdigital53-cmd,6.989748369058715E-5
1951,dricaroguilherme-oss,6.989748369058715E-5
1952,leobar37,7.038447435564452E-5
1953,ricaelchiquetti,8.523768963989429E-5
1954,moothz,7.038447435564452E-5
1955,FELU66,7.038447435564452E-5
1956,gomessguii,7.038447435564452E-5
1957,douglasdgw,7.038447435564452E-5
1958,cesar-carlos,7.038447435564452E-5
1959,grichaud,7.038447435564452E-5
1960,AlexandreD-Martins,7.038447435564452E-5
1961,FaelN1,7.038447435564452E-5
1962,guedesrv,7.038447435564452E-5
1963,abbjunior123-wq,6.989748369058715E-5
1964,makanakidev,7.038447435564452E-5
1965,letfontenelle,7.038447435564452E-5
1966,JonathanLopes404,7.038447435564452E-5
1967,dersonbsb2022,1.5950376606114314E-4
1968,Copilot,6.989748369058715E-5
1969,comeca-ai,7.038447435564452E-5
1970,FRANKLIMPAIXAO,6.989748369058715E-5
1971,guispiller,7.038447435564452E-5
1972,JamsMendez,7.038447435564452E-5
1973,anasavinic,7.038447435564452E-5
1974,dependabot[bot],6.989748369058715E-5
1975,yuvi95,7.038447435564452E-5
1976,Nocelli,7.038447435564452E-5
1977,elizandropacheco,7.038447435564452E-5
1978,nicobernard,6.989748369058715E-5
1979,Eudanielambrosio,7.038447435564452E-5
1980,JoaoArtur,7.038447435564452E-5
1981,josiasmaceda,7.038447435564452E-5
1982,VCalazans,7.038447435564452E-5
1983,LuisSantosJS,7.038447435564452E-5
1984,roberto0arruda,6.989748369058715E-5
1985,codingbox2022,7.038447435564452E-5
1986,HellWolf93,7.038447435564452E-5
1987,saulommartins,7.038447435564452E-5
1988,birizinit,6.989748369058715E-5
1989,caiquezanetoni,7.038447435564452E-5
1990,bilaliqbalr,7.038447435564452E-5
1991,MailoncBerni,7.038447435564452E-5
1992,neto-developer,7.038447435564452E-5
1993,Benjadevhw,6.989748369058715E-5
1994,onerrogus,7.038447435564452E-5
1995,henrybarreto,7.038447435564452E-5
1996,DuilioMF,6.989748369058715E-5
1997,joaobuso,6.989748369058715E-5
1998,Viollet190623,6.989748369058715E-5
1999,Vinicyus1914,7.038447435564452E-5
2000,Deepakmalik27,6.989748369058715E-5
2001,coreh,7.038447435564452E-5
2002,Paulo22xxt,6.989748369058715E-5
2003,minarkap,1.599177081264419E-4
2004,alkanarslan,7.038447435564452E-5
2005,AlexisJusviack,7.038447435564452E-5
2006,alkimimcitty,7.038447435564452E-5
2007,Devpwilmer,7.038447435564452E-5
2008,leonardocintra,7.038447435564452E-5
2009,guilherme-aguilar,7.038447435564452E-5
2010,VambertoFarias,7.038447435564452E-5
2011,borgesthiago,1.2979733549264359E-4
2012,matheus-de-araujo,6.989748369058715E-5
2013,pauloboc,7.038447435564452E-5
2014,gbrreel,7.038447435564452E-5
2015,JrStarkmidia,7.038447435564452E-5
2016,victor-lucrabot,7.038447435564452E-5
2017,caduzin02,7.038447435564452E-5
2018,autonomaia,6.989748369058715E-5
2019,matheusfterra,1.3021127755794237E-4
2020,skarious,7.038447435564452E-5
2021,ToniShelby,7.038447435564452E-5
2022,costaeder,7.038447435564452E-5
2023,splusoficial,6.989748369058715E-5
2024,jeremias210421,7.038447435564452E-5
2025,tms-desarrollo,7.038447435564452E-5
2026,samuelterra22,1.6545292111804963E-4
2027,thrsouza,7.038447435564452E-5
2028,R0DRIG0O,7.038447435564452E-5
2029,Link33d,7.038447435564452E-5
2030,bessa3301,6.989748369058715E-5
2031,icaro-andrade,6.989748369058715E-5
2032,luiis716,7.038447435564452E-5
2033,Faelst,7.038447435564452E-5
2034,jeffryjdelarosa,7.038447435564452E-5
2035,hygorambevtech,7.038447435564452E-5
2036,andre-xizto,6.989748369058715E-5
2037,ricocorreia1,7.038447435564452E-5
2038,alvestassio,7.038447435564452E-5
2039,namormalves,6.989748369058715E-5
2040,gabrielrf97,7.038447435564452E-5
2041,wilton-ferreira,7.038447435564452E-5
2042,freonzx,7.038447435564452E-5
2043,marceloapd,7.038447435564452E-5
2044,RodriguesCosta,7.038447435564452E-5
2045,mbap-dev,7.038447435564452E-5
2046,LuizFelipe-LF,7.038447435564452E-5
2047,jrCleber,7.038447435564452E-5
2048,pedroepif,7.038447435564452E-5
2049,gmackbr,6.989748369058715E-5
2050,julianoaj,6.989748369058715E-5
2051,fernandoralha,6.989748369058715E-5
2052,AndersonSilvaCavalcante,6.989748369058715E-5
2053,GrimBit1,6.989748369058715E-5
2054,wayre,6.989748369058715E-5
2055,erixcel,6.989748369058715E-5
2056,MarceloSoaresJr,1.0449719213966723E-4
2057,pedro3g,6.989748369058715E-5
2058,proteusbr1,6.989748369058715E-5
2059,vicentewncosta,6.989748369058715E-5
2060,Allyson-Santana,6.989748369058715E-5
2061,jesus-chacon,6.989748369058715E-5
2062,fmorett,6.989748369058715E-5
2063,ScrashOff,6.989748369058715E-5
2064,EdmilsonSantana,6.989748369058715E-5
2065,MarksonSolutions,6.989748369058715E-5
2066,joaosantanadev,6.989748369058715E-5
2067,Richards0nd,6.989748369058715E-5
2068,ImPedro29,6.989748369058715E-5
2069,lucastononro,6.989748369058715E-5
2070,AlanCezarAraujo,6.989748369058715E-5
2071,help-corretora,6.989748369058715E-5
2072,Alexandre-Prado,6.989748369058715E-5
2073,lucasiki,6.989748369058715E-5
2074,gbotelho-kalo,6.989748369058715E-5
2075,fmedeiros95,6.989748369058715E-5
2076,adriel12319,6.989748369058715E-5
2077,yousseefspires,1.2931034482758624E-4
2078,robjean9,6.989748369058715E-5
2079,tassomuniz,6.989748369058715E-5
2080,rafaelsantana6,6.989748369058715E-5
2081,deivisonrpg,1.2931034482758624E-4
2082,FelipeWayne,6.989748369058715E-5
2083,thelioo,6.989748369058715E-5
2084,computer2407,6.989748369058715E-5
2085,lucas-tomasi,6.989748369058715E-5
2086,oismaelash,6.989748369058715E-5
2087,vagners2,6.989748369058715E-5
2088,hassan3kb,6.989748369058715E-5
2089,lopesfontana,6.989748369058715E-5
2090,judsonjuniorr,1.2430147918533359E-4
2091,mtuliosan,1.0511623612643165E-4
2092,olaronymax,6.989748369058715E-5
2093,smad-bro,6.989748369058715E-5
2094,diegomustafamarino,6.989748369058715E-5
2095,galaxy23db,6.989748369058715E-5
2096,paulillo,1.0511623612643165E-4
2097,robsoncombr,6.989748369058715E-5
2098,milesibastos,6.989748369058715E-5
2099,yantxs,6.989748369058715E-5
2100,stenioanibal,6.989748369058715E-5
2101,dev-luizf,6.989748369058715E-5
2102,ustoppble,6.989748369058715E-5
2103,matheusmaiberg,6.989748369058715E-5
2104,fabioselau077,6.989748369058715E-5
2105,Ppaulo-Rocha,6.989748369058715E-5
2106,raimartinsb,6.989748369058715E-5
2107,jtapeg,2.3959980971931935E-4
2108,rafaelbatistan,6.989748369058715E-5
2109,samdamazio,6.989748369058715E-5
2110,cark7,6.989748369058715E-5
2111,Ckk3,6.989748369058715E-5
2112,Al1st1c,6.989748369058715E-5
2113,neanderdev,6.989748369058715E-5
2114,hopchat,6.989748369058715E-5
2115,jaison-x,6.989748369058715E-5
2116,altemirjosecoelho,6.989748369058715E-5
2117,PauloAK,6.989748369058715E-5
2118,Luis-Fernando-Developer,1.3441059374081615E-4
2119,MicroprocessDev,6.989748369058715E-5
2120,leandrogoncalves,6.989748369058715E-5
2121,gabrielporfiro,6.989748369058715E-5
2122,gabrielpastori1,6.989748369058715E-5
2123,renatoiub,6.989748369058715E-5
2124,w3nder,1.2931034482758624E-4
2125,4rielmendes,6.989748369058715E-5
2126,lnmesquita1,6.989748369058715E-5
2127,yvescleuder,6.989748369058715E-5
2128,moraisamilton,1.0449719213966723E-4
2129,joelemanoel,6.989748369058715E-5
2130,AlanMartines,6.989748369058715E-5
2131,stgcompany,6.989748369058715E-5
2132,purpshell,6.989748369058715E-5
2133,suissa,2.1516800991831287E-4
2134,codephix,7.010814144834171E-5
2135,craines,6.989748369058715E-5
2136,vitorogen,6.989748369058715E-5
2137,mareanalitica,6.989748369058715E-5
2138,IsraelXabregas,6.989748369058715E-5
2139,matheuskshn,6.989748369058715E-5
2140,AdsonCicilioti,7.010814144834171E-5
2141,franciscoeymardneto,6.989748369058715E-5
2142,grdamasceno,6.989748369058715E-5
2143,unilogica,7.010814144834171E-5
2144,helioelias,7.010814144834171E-5
2145,csxmaia,6.989748369058715E-5
